10.3028978453007,10.3858071783083,10.5036862739521,10.5135484041556,10.5295515537669,10.5440319914895,10.6144107520523,10.5685287301153,10.5453019541036,10.5383573419869,10.5411445274827,10.5672891808027,10.5571758901294,10.485858302202,10.4914112127737,10.4811863446192,10.5002223155077,10.589680772494,10.5541386623697,10.5257122010258,10.5405945952254,10.5652646494254,10.5627737845754,10.5628678170573,10.5616689866274,10.5779628794063,10.5742341811748,10.5699244950283,10.555364657199,10.5763185242549
10.3080848372823,10.3744841257841,10.4929627517365,10.4858915677623,10.5017717190633,10.5218447305961,10.4521831462706,10.461030484311,10.4377560926745,10.4322333211505,10.4439696200663,10.4460493849403,10.4146232268794,10.3781887808695,10.3630317306588,10.3501730137897,10.3326574412211,10.3406929841693,10.2620746183462,10.2361489851758,10.2617328928799,10.2985528745202,10.321103687759,10.3093780909952,10.3102134368818,10.2813780569741,10.2830359004118,10.2833107839754,10.2959496591486,10.3236395841736
10.3024250577779,10.4247729713549,10.4375758673141,10.4205898911042,10.4533009365017,10.4166888353887,10.3689075928025,10.3262076843695,10.3332323543118,10.3039976438468,10.299017675438,10.3027278938495,10.2764949195829,10.3255364622129,10.317848522655,10.31748212302,10.3115937513999,10.2993470015455,10.2928357428062,10.2606209725001,10.2264597183308,10.209638325942,10.1417286798885,10.1466550755008,10.1472618263358,10.1491005481926,10.1432680820408,10.1216830544834,10.1260384530599,10.1408796428406
10.3698212695928,10.2994681180814,10.311766817888,10.2878568515253,10.406570450962,10.3969408328286,10.465445287793,10.3937541675606,10.4069023013508,10.3861764041453,10.3904765131012,10.3841023160189,10.3580602126983,10.3960624898364,10.4103087186989,10.4069228131049,10.3937577993093,10.387750944015,10.2730891214042,10.3300674028455,10.30853154696,10.2713060625422,10.2420397642076,10.2298612784499,10.2211506180553,10.2296981992952,10.2357911599097,10.2591978718772,10.2317545012452,10.2272553307998
10.1410127116622,10.1749575503761,10.2273737127357,10.2216335181718,10.1256430514773,10.1097711076456,10.0508459292973,10.051778696517,10.107486082621,10.1008295160229,10.0996560491562,10.0996673886306,10.1279469517819,10.1162186160809,10.1277229123835,10.1129711936479,10.1000331887463,10.1221172277081,10.0952494895266,10.0643560999748,10.0636883411202,10.0609827995892,10.060257342463,10.0495690462554,10.0458553651429,10.0534181708426,10.0544032723436,10.0671407726564,10.0786912907548,10.0992969689907
10.16622523242,10.1539649142099,10.2239480628847,10.2092740702476,10.1519387754604,10.1563847390272,10.2156519839263,10.3430791237351,10.3744053336524,10.3604502079252,10.3597291019157,10.354721321926,10.3590183147854,10.3195756865984,10.3164109566029,10.2903522345719,10.2906708103826,10.2786538252238,10.2470048838677,10.2435132467273,10.2541887898179,10.2917046779776,10.2889949339609,10.3160174364615,10.31851536165,10.3378576462229,10.3361374427849,10.3260245425023,10.3271420294249,10.3064024806239
10.2276679935418,10.0572503099883,10.0985268577538,10.102885016235,10.0689181234794,10.0287254105472,10.0080158812329,9.98257295477744,10.0499270729636,10.0367932839363,10.0460872610171,10.0442449018396,10.022310353208,9.88173151150476,9.87687823368653,9.8723598781924,9.90126427547301,9.86909940002793,9.97335833957073,9.93165277909677,9.95175363458534,9.92737924599903,9.92005798234076,9.93582882178328,9.94516813383563,9.94534172696604,9.95198905360704,9.934537288263,9.93640529956447,9.89103325079263
10.1695847608165,9.92824062504364,9.960815697149,9.94601092297761,9.93447596383144,9.93045964174504,9.90421586078788,9.83846519390275,9.89921135662624,9.89001426505667,9.89350851825265,9.89576361235641,9.93598976118476,9.98984323894608,9.97942387179097,9.96878986699275,9.98678937643267,10.0088691316785,10.0360561926966,10.0399357910398,10.00438610718,9.98047786201116,9.95750405924225,9.9480939531754,9.94806654190472,9.96522105828507,9.98738845684305,9.9770732327374,9.96870228542088,9.92146499286501
10.2632528513469,9.96260113306321,9.98726428341466,9.98381854110332,10.115626220209,10.1540386309366,9.94310653912064,9.9226878653682,10.0148324935477,10.0073435673712,9.9975033520862,9.98668541200962,9.97597294457476,10.0122364703799,10.0393997674696,10.0286732421798,10.02772217392,10.0311789552509,10.0599020397007,10.1072272795189,10.1313734435847,10.0797510970357,10.0624749149386,10.0704124766926,10.0603864426848,10.0605678086988,10.0626478152118,10.078022471126,10.1035903703647,10.1393137895773
10.2944015539171,10.2375747534142,10.262782924311,10.2444730978096,10.1915200306181,10.1756394923764,10.2154900427694,10.1571660873439,10.2797330914114,10.2607254423188,10.2614480232405,10.2535096024719,10.255262013476,10.2466283961387,10.2516194481804,10.2655299779876,10.2630362403843,10.2815049515929,10.3384038563724,10.3936448435067,10.4716938318187,10.4337533141715,10.4370129578023,10.4304783018281,10.4374287761265,10.4323461265853,10.432041688498,10.4059254332205,10.4102777574022,10.4105756555953
10.0443086902098,10.039045099656,10.1000772932139,10.1189464462515,9.9903363441658,10.001784823613,9.94109487764028,9.89969269498294,9.94317537657532,9.94046706124259,9.94486694970714,9.95344315250946,9.92127584329307,9.81433716522129,9.8314684399774,9.85114966739167,9.84899386811053,9.8574595437356,9.7654961332512,9.7786065864637,9.78543490968301,9.78036309095147,9.6597850607503,9.60945039021191,9.58451201057335,9.58911381202626,9.56468818118073,9.57341270549094,9.61449816644563,9.61757861097201
10.1543484508996,10.014073466423,10.0586356059727,10.0979206108624,10.0283428866931,10.0236139664003,9.77379242958347,9.71338490688822,9.66916324956914,9.69530555116363,9.69530975494644,9.73118947048001,9.69066972632429,9.63650629437878,9.6389659877962,9.64428666642727,9.63067875411444,9.65378168035261,9.63412079436329,9.62173948558311,9.68928408091113,9.66112797855982,9.64692452447242,9.63752243757359,9.64735858270118,9.6555280682757,9.69063323489118,9.6870061145616,9.6831869654554,9.65355694033063
10.3522572304928,10.3975506253773,10.4538251831862,10.5189613023173,10.339794636316,10.3634053009873,10.2517733664908,10.1965754680705,10.1673354976812,10.1512076309993,10.1463408331739,10.1434942394867,10.0695473040151,10.0689546335748,10.0765369998767,10.0963443153978,10.10689104025,10.1043744044278,10.0879372372559,10.0473196836991,10.0455975966468,10.0094467904487,10.0134464916525,10.0297308486784,10.0283640403369,10.0331354967274,10.04651004975,9.99720078841618,9.99718603718418,10.0579984662421
10.268264096962,10.3945862477861,10.4584892939048,10.5756091292511,10.5536511190974,10.5711318624172,10.3446317818884,10.2816933803291,10.2828426847331,10.2689007962983,10.2661654079791,10.2625595105653,10.2189532675404,10.2267322980623,10.2279325619133,10.2254116543919,10.2040891114297,10.2023668258578,10.1516109084776,10.1564299692723,10.0952559942137,10.0872947831921,10.1041042439025,10.1099768238451,10.1183239442125,10.1066842469091,10.1027563402693,10.0683745806715,10.0631410825648,10.0043563245308
10.1364501220285,9.89736481189798,9.96464843051038,9.96629068147631,9.96729735231948,9.9818463812391,9.96806924482005,10.0066324615463,9.92964123161071,9.91440790548124,9.88319895278547,9.87955321680327,9.84594758070786,9.73342229961753,9.70298154937281,9.70875972598248,9.70750430456023,9.70223645141175,9.72720707203745,9.71853167336448,9.7011400631434,9.70730308661594,9.7239213319638,9.71160478545242,9.67647222784595,9.68873025544247,9.68212953637391,9.70584867966711,9.7216777096745,9.69940098088289
10.1356256272854,9.86471962176654,9.92461691445473,9.91784979331636,9.90359601683632,9.90385057400628,9.66955758399182,9.71180991443985,9.58578599300196,9.57153199529802,9.57010253773132,9.57041085902863,9.54210903404861,9.48786496725965,9.47552620418786,9.46647483695175,9.47535287971203,9.44762760451004,9.51394580570224,9.52917141547428,9.53050901706843,9.55117674252967,9.62709244171699,9.61885294266977,9.62064882754313,9.64025380324688,9.63724015630991,9.64934875749415,9.67501364871873,9.64166285421772
10.1626964745618,10.1021054795455,10.1173773343609,10.1133860887103,10.1819882859462,10.152511366285,10.0697510734857,10.069232634201,10.1386127443372,10.1189635602579,10.1150605545595,10.1189624796497,10.1528837049458,10.1811101619185,10.1730487267155,10.1636634066423,10.1438369738252,10.1654280720631,10.1736013234569,10.2000043695891,10.1772333887123,10.19552777535,10.2592537734548,10.2514429754178,10.2550130018343,10.2423048550209,10.2413581186829,10.2613821210589,10.2627513839906,10.3214401066668
10.1424208455643,9.99214025722107,9.98238598896,9.96088488407573,10.0045872704236,9.95915429310271,9.91811418694439,9.99379702167469,10.0332278134741,10.0316127698564,10.0326786742061,10.0229602830765,10.0804036824325,10.1007803678419,10.0753845921436,10.0607336535093,10.0678826220107,10.0972760474631,10.028087927672,10.0240391064484,9.99096685375082,9.98889366776951,9.985560606587,9.98874425209338,9.99354083109188,10.0071736418871,10.0166661771987,10.0147068603764,9.97716191372793,10.0196030475585
10.1165649547142,10.1196764949169,10.1545843997145,10.1493532948887,10.2371097705249,10.1837825628527,10.3408035761787,10.2765015432756,10.3584330900125,10.3527814426828,10.347183439407,10.3606791822672,10.3735639331768,10.3996594161424,10.3784993474098,10.368679230132,10.3696845303599,10.3995038465026,10.2848793405801,10.2287407774748,10.2244509819686,10.2511127323793,10.2396585517619,10.256505001051,10.2580353237674,10.2175687729749,10.2189003944286,10.272030887123,10.2651409978712,10.234142701565
10.1649642080876,10.0803000841988,10.1072780386416,10.0910561230345,10.095386907241,10.0644995625866,10.0983027689072,10.0471247702137,9.92950577242152,9.91266494200081,9.9145336307322,9.91352773258635,9.89836617638614,9.91817250389342,9.89335124877671,9.89772317765633,9.89906967269794,9.90479990876521,9.95645278984221,9.94175664321045,9.93039229945387,9.96637228100479,9.96300628369689,9.97111070954978,9.97059575625237,9.95408476141025,9.95134417981653,9.94816730933585,9.9491586874417,9.98151530226612
10.2223226736091,9.87604888144587,9.91040278212767,9.90291322414027,10.0717465845513,10.0451956053674,10.1820228532644,10.1515574537575,10.1359737091586,10.1372520029891,10.1390966332653,10.1462428161913,10.0925714586341,10.1245149508892,10.1300617156292,10.1330569409267,10.1238800447947,10.1025743023057,10.158938737104,10.20161390092,10.2038442475084,10.175169614813,10.1425273679358,10.1358640756155,10.1238370587031,10.1384116480258,10.1311580909572,10.1119577512148,10.1344031516108,10.1221009718895
10.1808824490677,9.82548375868837,9.8469856098436,9.81719074470005,9.93022631424563,9.90885778509883,9.98725916064524,10.0857566841743,10.0902449969089,10.0755611689911,10.076771859966,10.0786709730628,10.100724292058,10.2024174404788,10.2077338016786,10.2086348895314,10.2115799441958,10.2054249823478,10.2525839165616,10.2182723397782,10.2187246020805,10.207593268531,10.1568743191596,10.1362001463654,10.0760942028413,10.0819936565078,10.0708799272572,10.0599756671899,9.98199818603439,9.99440192687038
10.1754843253663,9.97750416035325,9.95341320553411,9.94048853856971,9.82055516840049,9.83273988257173,9.70693059307016,9.6824966328356,9.58802572692995,9.60313113691554,9.60229912841211,9.57005051915974,9.56377376982941,9.62354617295185,9.63516928225811,9.62494244313131,9.63063517769645,9.59701098171489,9.72349011054292,9.70457489372648,9.73513017677386,9.72878754664614,9.70027068019064,9.71575372631394,9.7148310217341,9.70858681855026,9.70015225531372,9.74265608033188,9.78069374350243,9.7710758861594
10.2158547402412,10.0267617799829,10.0281778099746,10.03974832303,9.88327648876256,9.89495633934837,9.90898077443935,9.82493484839301,9.74292109986127,9.75567501540123,9.75324074094732,9.7462923072188,9.74227249387471,9.67682579188301,9.67732942373341,9.67089809187086,9.67669118855735,9.67763073066948,9.77183113490079,9.86223554730587,9.854522478812,9.81894400005429,9.79295202971199,9.77433791052793,9.76850291193861,9.71809528115132,9.7171090660134,9.72627284151617,9.71930490623935,9.74884945361463
10.125203429254,10.2190462640231,10.1899290850271,10.1885996565177,10.0468908431339,9.96315896053197,9.82732550155386,9.7588904106407,9.77436392494465,9.77861390586469,9.76367069925369,9.75984916491153,9.80277095106583,9.86220778766257,9.86345289844926,9.87288055660062,9.86041071037096,9.8703877614198,9.91092797411367,10.0028764249267,9.90412981890368,9.96457875300938,9.95637879039038,9.95701356006678,9.95909873363984,9.99138444193319,9.99168977645607,9.94166980625233,9.95524801147102,9.9066296991082
10.1932522163234,10.1167623212374,10.1340060973106,10.133474845712,10.2092774245248,10.1578278175973,10.2156331002433,10.1351229932414,10.1903743042442,10.1982491864575,10.1957688031549,10.1987797713905,10.2174953962494,10.316095142568,10.3428800391934,10.3603192807767,10.3624876665342,10.3634808706135,10.3683972370457,10.297962695098,10.3104348288456,10.3228115734334,10.3642817363434,10.4075598113893,10.4085103079896,10.4328042965398,10.4303878288014,10.4726211721093,10.5199991716748,10.4889547424593
10.1509853790585,9.57342826100365,9.61154689319589,9.61194084139782,9.560687770164,9.59985551749152,9.4198579403698,9.47581981419742,9.42951663544978,9.4463378280805,9.44435949433577,9.43770002194585,9.46265389050495,9.49190938970912,9.46246801033887,9.47474770624708,9.46067336726741,9.43720602996637,9.33095107778938,9.3550565678346,9.36550433142816,9.38730718308705,9.36112922139061,9.36242075707564,9.35058561132291,9.36086231357292,9.3457287300779,9.36328786901086,9.36920180672283,9.40460488724436
10.1821319614936,9.8093943668057,9.85582507429744,9.87422720741735,9.68468357877398,9.7056574151492,9.65959645454066,9.61512846135795,9.63912050187123,9.65840229550415,9.66044741246311,9.6518862941898,9.67622676538316,9.59274072281029,9.59803723534389,9.61891800962339,9.6020734298076,9.6014734369354,9.48145989699022,9.48004464471572,9.50870429264891,9.55099147084265,9.54810489835623,9.55874597864101,9.55477370047761,9.56508266792605,9.58169147839298,9.58075015209269,9.54140972887188,9.5689677215869
10.1542507843526,9.78226691323834,9.82804106513931,9.81308012120322,10.0382356350799,10.0554549313629,10.1756259570815,10.1977760146465,10.1457148731344,10.1508346825481,10.1480973135624,10.1538234192195,10.1399152901876,10.1243381040364,10.101403262446,10.1231180058511,10.1078064345883,10.1211647101229,10.1105852413391,10.193170820476,10.2667448364742,10.3278206588583,10.3662732057492,10.3665057843093,10.3673731558185,10.3598896276148,10.3759423538724,10.3655678780464,10.339869938881,10.3071893806615
10.33199678915,10.6191207083903,10.6458545723348,10.6300181430689,10.7175507171734,10.6960527813457,10.8309052481336,10.9412837620912,10.8807589962435,10.8776648604314,10.8763989769219,10.8706196206438,10.8883226341099,10.8190576482347,10.8424130098817,10.8772655335058,10.8660259548096,10.8509687634394,10.865381511063,10.8972604943303,10.8745037883411,10.8113167903573,10.7975328857825,10.8015569339511,10.80207448141,10.8109427119724,10.8130176751171,10.8096663089511,10.8908168083674,10.9427653939955
10.3139517603685,10.513046243007,10.5808824897894,10.5547870544746,10.7927110894706,10.7886263386135,10.6992079569123,10.7464780337842,10.6722696208095,10.6860662624709,10.6921711316678,10.6937500443106,10.7565095124551,10.822613554276,10.8202313597374,10.8228821438766,10.8334717991286,10.8169117990988,10.8329542096001,10.8211052689365,10.7763408693195,10.7033342461285,10.7064031797818,10.6981339207814,10.6962122199256,10.6892739554639,10.6694463497798,10.6548124709067,10.6871328758932,10.7243765012535
10.2945476240724,10.1845424320314,10.2469166080746,10.2579428134139,10.349496148555,10.4498683767929,10.7869756597166,10.6888767274616,10.8055604314502,10.8232543516339,10.8223594769321,10.820760116012,10.8718988929959,11.2081768936445,11.1985266964856,11.1976179817591,11.2098846849575,11.2121146038445,11.2495673744473,11.194355443716,11.1971527171375,11.1316301420123,11.136634432626,11.1335465775595,11.1392427111536,11.1093766605163,11.1032808353339,11.1119643713853,11.1614095901269,11.1843936930403
10.1740993857149,10.4371834249376,10.5375427005576,10.5370011918716,10.6021622955118,10.5698481077613,10.4274359409879,10.4916161019168,10.5480433905238,10.5677178895037,10.5676846390764,10.5659733536634,10.6233002702856,10.6160672292248,10.5892357387924,10.5898581264064,10.5887966941266,10.594219494933,10.5483607716696,10.5160988789235,10.5258280132547,10.5065998224868,10.513662464222,10.52597101946,10.5263425843897,10.5252434843168,10.5380697984031,10.445167584888,10.448417431238,10.4098106049973
10.1531696380418,10.2272799086701,10.3638709015194,10.3207637807026,10.2423705802355,10.2728554693489,10.1883093719955,10.1813143135108,10.21871025136,10.2449153988348,10.2443223060085,10.2278917208379,10.2485089423883,10.3233286075546,10.3386703823165,10.361953792927,10.3497847397966,10.3336380003708,10.3415782396533,10.2558465300135,10.2835404169353,10.3113525297132,10.3168624318538,10.3145604566341,10.3177806294257,10.3280435276348,10.3284057843261,10.2884939251813,10.3026242961224,10.3068457837776
10.1413122037307,10.2656415588947,10.3646271918323,10.3853797980636,10.4975521767576,10.4823551479918,10.442084523952,10.4755521364329,10.4852336995328,10.5063873283411,10.5094972233196,10.542063488616,10.5815950427802,10.518613218055,10.5071843460617,10.5122952510054,10.5237429807648,10.5236807081822,10.5958481684921,10.637671620525,10.6139963541201,10.5607923478723,10.5643250212483,10.5733960382801,10.5712158067142,10.5833518020767,10.5942157465654,10.5743214568532,10.5594898464428,10.6080449725516
10.3095252689841,10.6982801082709,10.7626936187037,10.7530046686784,10.728982118454,10.719821353002,10.7072120851517,10.671680206414,10.6673875312924,10.6807966873352,10.6828350252842,10.6828885622318,10.7417143672666,10.6957110538879,10.7113169691892,10.7127592125378,10.7143437224666,10.7088458268825,10.7084442703652,10.7472001229232,10.7648203619419,10.759010674639,10.7902738806091,10.7928206345004,10.7914121777373,10.7826024651918,10.7763349685173,10.782535649653,10.7613492307576,10.7904115033749
10.3129167281648,10.5627304729672,10.6487591813809,10.6272084051169,10.7005421925964,10.7512873561308,10.7317676804388,10.7294806953592,10.7140032418458,10.7134377362269,10.7112822866342,10.7052486026089,10.7443552317431,10.7329454150508,10.762593986638,10.7679151678075,10.7837846963046,10.7891795384096,10.8782036021442,10.8894241492197,10.8826343772429,10.8876834575121,10.8917008629847,10.9069338407239,10.91253345833,10.924218552156,10.9383043281991,10.9155744614325,10.876932583992,10.9127523686141
10.3418250524954,10.4900239521393,10.4842195404345,10.4992854751872,10.6457033893553,10.636786054861,10.6140261143569,10.555401971899,10.4710713789801,10.4721451837408,10.4775331519806,10.4854873364587,10.5071218434478,10.404133714776,10.3840856171966,10.3970859327277,10.3952794237536,10.3965441765087,10.3853404489816,10.3497040990109,10.3632465235142,10.3802652491977,10.3715402267758,10.3822555587805,10.3844455127335,10.3863168952872,10.3864404823284,10.4089316452922,10.4022213295454,10.373036215867
10.3332765584843,10.4664614650193,10.4754493975767,10.4777024007247,10.6067185530966,10.6361056402465,10.5409053756701,10.4827655374114,10.3901590061756,10.3872550458472,10.3866793291311,10.3846994793231,10.4058677139675,10.430823423359,10.4050412597696,10.4199236559769,10.4098004808909,10.4502545785719,10.3857298021835,10.3571257343528,10.3376973241815,10.3072268224931,10.3122912589831,10.3141362166894,10.306570642172,10.3000344939491,10.3022243587366,10.3035021808118,10.3173894820346,10.3035921867815
10.3988770632837,10.5168817074021,10.5302113456372,10.5117749849871,10.7081883277079,10.7946145230224,10.6269280972626,10.6661310899673,10.6047543323965,10.5869690496069,10.5875724745714,10.5831815461638,10.5870377858636,10.6439711593665,10.6242672836952,10.642484009387,10.6663526287185,10.6573399982639,10.6076701265466,10.5976075928345,10.5498694426745,10.5572234752035,10.5914388251457,10.5914619563595,10.5952485034641,10.5775584830717,10.5764293439477,10.5580067702196,10.5416000421547,10.4920998016242
10.3727052510272,10.6266245661478,10.6112930046275,10.5936189506662,10.6991930615943,10.6963026925512,10.5581207637531,10.5813979302775,10.5239556027872,10.5394597752217,10.5366141912865,10.5512543089674,10.5087082711489,10.5193232830906,10.5185313253012,10.5191194035076,10.5354664630145,10.5486749287272,10.4983643798255,10.5446415680049,10.5714230779077,10.5455839725053,10.5280703856088,10.5128200033442,10.5140284249579,10.525788912817,10.5224075721816,10.5236364560629,10.5299293519768,10.4930244635318
10.311639063868,10.5962995702584,10.5925581781534,10.5832255219042,10.7514397928014,10.7694473471833,10.6318722957279,10.6435227987911,10.5427439807672,10.5501731999094,10.5246293723997,10.5280603896675,10.4255241943102,10.497407857917,10.5094872594667,10.4829859912891,10.4816617483561,10.471365812046,10.5163971274659,10.5543075427675,10.6089411597411,10.6141903015241,10.5795044006404,10.5854364131523,10.5864861098378,10.5994561616132,10.6077176766768,10.6111952784987,10.5845497465883,10.5986814968872
10.3439171546916,10.814831002462,10.8128002440438,10.7915219337831,10.8154054477401,10.8027913543881,10.7315099528584,10.6921943485869,10.6458791102968,10.6564202970375,10.6537922564669,10.6512735054798,10.5981391812894,10.6182113582329,10.6410880817417,10.6392676004927,10.6494551497793,10.6504470968801,10.6164290444716,10.6080334002814,10.6243573817616,10.648295079687,10.6439172784141,10.6358978178841,10.6318881369389,10.6504282482427,10.6468475452809,10.6335439738492,10.660272565219,10.6584067900409
10.2724337562251,10.4582031428238,10.4213235022923,10.4053785845665,10.2841306243635,10.2856609567039,10.1640985037381,10.2040444479089,10.284527273825,10.2913010551691,10.2921280459648,10.287034545797,10.2576672119343,10.2275218006233,10.2111116130741,10.1845860044082,10.1862893855447,10.1658282732352,10.1428644184062,10.2167757248571,10.2364245423695,10.2268856522457,10.237941838259,10.2510811412626,10.2509286353689,10.2468655297773,10.2418914494015,10.2297413727506,10.2103982202792,10.2241300772817
10.3089861321089,10.3024786791246,10.2370737576901,10.232041769349,10.3393536149567,10.3675091900703,10.3301626640328,10.3006136192736,10.3843017547798,10.4004065717915,10.3996555544281,10.3962101123396,10.3483006692128,10.3914654100072,10.3600353464187,10.342157167615,10.3367716535187,10.3435473448544,10.2941588836365,10.3437512083392,10.3609756444976,10.3859281869131,10.4088795475876,10.4000511479003,10.3932940299884,10.4295703942068,10.428489398014,10.4515526069991,10.439628338354,10.4187326648695
10.1971891871587,10.2673535524489,10.2318834184102,10.20553051692,9.99536533491272,9.87481623127808,9.96067445420756,10.0204616336054,10.1344534172565,10.1370555136165,10.1449506112835,10.1542890252893,9.96053753107518,10.0344965716678,9.98880517355237,9.99127812438618,10.0191505445155,10.0185746890366,10.0678128598191,10.0703202470901,10.0164976980084,10.0067244421438,10.015832492934,10.0303831516828,10.0278276596413,10.0404191281778,10.041836514411,10.0919252805527,10.1396441417407,10.1286601881293
10.2047991214346,10.3870710625483,10.3471070056608,10.3346682005905,10.0046561612465,9.98522907837393,9.92278518779812,9.92733667318847,10.0627007096531,10.0769653718746,10.0895858500486,10.1190074427387,10.006283651063,10.0582427502211,10.0315594424678,10.0663976786717,10.0602652479024,10.0795363038616,10.092083947853,10.0541652025459,9.9972315082672,9.9980908961116,9.97670544886969,9.96291060249104,9.96387197774191,9.94487774340245,9.92728830095041,9.92397615024229,9.89398264695775,9.89454687649639
10.2101082267702,10.1531459491149,10.092180871792,10.0935415203606,10.1306577154394,10.0849073119358,10.0470533279653,9.97325281403532,9.9597618371788,9.95967649384972,9.95831629820871,9.95796855503851,9.87642275371775,9.95915314812426,9.95811811514667,9.95647135666468,9.96695161624381,9.95017988754074,9.91663984293237,9.92176651867462,9.94316016638339,9.94954385773637,9.95117507202796,9.95528711666833,9.94764198848146,9.95062753076419,9.95341002685092,9.95404278853403,9.96162049493082,9.99055022084005
10.2789553120112,10.0927492194676,10.0448462889704,10.0430825468678,10.1735211895057,10.1588147506864,10.2121892032054,10.1683237586174,10.1485421392368,10.140390873108,10.1363081167658,10.1356142672701,10.0673456829212,10.1270191696008,10.1299588647685,10.1213267943791,10.1312571979625,10.1299611550743,10.1020292394565,10.0220490613095,10.0476717510666,10.0526381390699,10.0959519362011,10.0923648283624,10.0919750366944,10.0954851269273,10.1137855400614,10.0941603909241,10.0318653412566,10.0578297953816
10.2499321881303,10.338571451074,10.3223513101846,10.3260035714524,10.3281323915464,10.3137121085971,10.1922384618583,10.183984304179,10.2871167691986,10.2917232857059,10.2896049683975,10.2863111350528,10.2928767804576,10.2743733291074,10.3001685570756,10.2929693282485,10.2888188644243,10.2401466075004,10.3031170178714,10.3881632128146,10.4395614847241,10.4711242383725,10.484554877558,10.4804175729507,10.5010673187221,10.487958912321,10.5071204313302,10.4858438458484,10.4756296385708,10.4468321232935
10.2260918901847,10.3737252352896,10.3334994368122,10.3293966412041,10.2894469794598,10.2055309498451,10.1362433585663,10.2082498021932,10.214011426306,10.2227823867735,10.2253407020433,10.2265534662766,10.2471755210066,10.2172884630556,10.1930279676295,10.1886424278847,10.1866428010292,10.1751027903135,10.1775710961934,10.2020923141353,10.2214078586874,10.2177657804898,10.2225673897695,10.2162224320317,10.2119775390531,10.221637035426,10.2300978302437,10.2242296738038,10.242203195409,10.2358514683095
10.2097235971682,10.3862755398616,10.3578050607215,10.359397351651,10.3225858715507,10.2848525222515,10.2338577371704,10.22757022559,10.2497434537627,10.2693625357912,10.2686039095297,10.2772162931061,10.2789903010928,10.2642027027886,10.2414311555249,10.2335997935944,10.2126319888277,10.21827735987,10.1578453097042,10.1614557184748,10.1574183872685,10.1391152222158,10.1399310035665,10.1296349902962,10.1240570056506,10.1393678839992,10.1371085546045,10.1461989118859,10.1409947047325,10.152911302442
10.1675727243702,10.2678861634854,10.2250375624353,10.2249191551785,10.1958597322345,10.1891788856942,10.0113600393241,10.046523733613,10.0795837447432,10.0786829002472,10.0792456372529,10.0754627923295,10.0974095271864,10.0573943828743,10.089808013083,10.0871323237014,10.0648318005684,10.0825530546608,10.1265616255692,10.1197861663143,10.1502080052172,10.1680752025677,10.1613019335275,10.176072734929,10.177849910975,10.1696534591671,10.1807044654985,10.1909015523534,10.2256050518308,10.2039570135942
10.3650803226303,10.285822021501,10.1218180104738,10.1564056752831,10.3068165270088,10.298918540454,9.98356262694122,9.99763234766774,10.103311614116,10.103043469203,10.0978667486017,10.0986056628741,10.1391751353228,10.0264334744812,10.0377772411569,10.0458657220708,10.0712390973524,10.0641333568369,10.1361874204311,10.1054373335092,10.1158927608171,10.1150925823557,10.0916145208433,10.1034124370693,10.1097184817386,10.0954372098145,10.0890746842675,10.0966376794905,10.10317231529,10.143622108836
10.393129588176,10.2679989224418,10.0963652790879,10.1262568059548,10.2682647313435,10.2469132242716,9.96126147326988,9.99696910430668,10.0674144879038,10.0603259534627,10.0492195128646,10.0469175793412,10.1042491190132,10.0740221506941,10.032860409398,10.036094553088,10.0731369812211,10.1007328413184,10.0315285941834,9.94729220244606,9.90810680176941,9.94119111257384,9.97094282933349,9.90625883376097,9.90648765047479,9.91739755622803,9.91632687309737,9.91705998969417,9.92772639276511,10.0106725109779
10.3749315588953,10.5101533794953,10.54353569034,10.5740518340704,10.4851706522891,10.4785721672493,10.6499003117141,10.8248553408685,10.780862994154,10.7758782695856,10.7902081631456,10.7911123685776,10.742047915681,10.6988169798313,10.726136687028,10.7220583123629,10.7251778369415,10.71435065413,10.6467698335708,10.6820510849342,10.6807704625503,10.6524416631689,10.651587348515,10.6429518428347,10.647437163622,10.6304734131232,10.6141842657345,10.6555425852575,10.6475689399106,10.6612037921411
10.3379141190463,10.0011878994988,10.0164399173151,10.058491827856,10.0039589488411,10.0451299503435,10.00385514597,10.2421967189149,10.261834264561,10.2768516250039,10.2906980174679,10.2998848351705,10.3254545806411,10.3428151364025,10.3352600074396,10.3298652773593,10.3681987677274,10.3680273957704,10.3135288480894,10.281245487342,10.2421740984858,10.2380265268817,10.2470702334018,10.246578717274,10.2500749906622,10.2653063747888,10.2691650715503,10.2545448732502,10.2526145576826,10.2203560615246
10.2090368608496,10.2197632448296,10.218259651901,10.2310393218029,10.0640497399988,10.0689447150979,10.0610591505179,10.063432696953,9.97078600668739,9.9849384358445,9.98045540002065,9.9819575297444,10.0018630152038,10.1331584306205,10.1755311387754,10.1693519969346,10.1623327806893,10.1769173977443,10.1750312742497,10.1344531314143,10.0506190346981,10.093516279516,10.1078490634484,10.1045073850622,10.1012728006458,10.105579389572,10.1296996098153,10.1014107269635,10.0821652879344,10.0850591711687
10.2438449950348,10.2751444864811,10.2481374685582,10.2886110355158,10.1214479501725,10.0579184154617,10.0748075490827,10.1067254818344,10.0608623344033,10.0629138016922,10.0641029204534,10.0615677435162,10.051250986566,10.1740679171047,10.2112494197939,10.2174728262834,10.2135812291802,10.2040366128068,10.1582227673165,10.1052223970921,10.0912263541512,10.0927045240696,10.0657052872031,10.0794600615428,10.0814710588479,10.0613420682951,10.0601066944606,10.044676865534,10.0591756718778,10.0445648683554
10.2641066210795,10.2233990911164,10.1583866470063,10.2185827974832,10.0929842668064,10.0061482313109,10.1037487304136,10.1364747508917,10.0373427153039,10.0473013439891,10.0535844164128,10.0538777857394,10.0071887623716,10.1331215647063,10.1913491858288,10.194356167179,10.187771017532,10.1714378095168,10.145842013203,10.1920741065939,10.1698426641736,10.130319220813,10.1383474190768,10.1339886187996,10.1356322020913,10.1292664020448,10.1255693121324,10.1103766028597,10.1027123128265,10.0630810464623
10.347958997713,10.0168953459704,9.9531233762184,9.97394124879602,9.95112251633589,9.90516391356481,10.123621690108,10.1185244273711,10.1208683275722,10.1240506777241,10.1263809066649,10.1301370850533,10.1299612878209,10.2218792959022,10.2445627856747,10.2514457282044,10.2547515362592,10.253425727334,10.161703408741,10.1757269719793,10.1809311733519,10.1890696696701,10.1811436598,10.1820205712423,10.1783252882816,10.1849937623089,10.1693718917284,10.1576917481831,10.1652669338163,10.2115557625174
10.1948524384733,10.0499976987376,10.0485373073841,10.0438979147777,9.99759676807134,9.95108261626574,10.0738890168898,10.1276618403826,10.0750130522426,10.0770217773926,10.0753958857156,10.0734356428744,10.0311152997685,10.0671307870235,10.0742461468126,10.0654332297164,10.0670080734382,10.0719614264682,10.1385972290264,10.1642359660575,10.1856377798751,10.1991232140614,10.296979889589,10.2883724067389,10.2981240002754,10.283243651684,10.2712762904043,10.2831771742363,10.3014717169853,10.3331329188416
10.1989906760534,10.0952954893765,10.0845485400308,10.0804491561808,9.98227556185589,9.92170168947877,10.0883811461864,10.1698330973556,10.1305196636567,10.1245517246177,10.1250154156604,10.1273240594493,10.1063224365339,10.1053551747335,10.1173436079563,10.1156868949341,10.1223552092343,10.1319671356777,10.2003731017315,10.2005771445315,10.1976611992158,10.2192268846128,10.2494653355336,10.2494015980627,10.247293824303,10.2138809272314,10.2140642955824,10.2263186937047,10.2383411117241,10.2863719258464
10.3628659243494,10.1697854806949,10.1579741774439,10.1891714602985,10.053927066831,10.0609030170178,10.1643516548581,10.1642577076437,10.2558023379455,10.2695156903312,10.2703368555766,10.2643585430833,10.2869906505807,10.229521558167,10.2539727804315,10.2545950489212,10.2830452846919,10.3142805480659,10.3447278366536,10.3215731625869,10.3094684204373,10.3054474762376,10.3092478693897,10.2961024546831,10.2972296406962,10.2643745884425,10.2664789073658,10.2824716788379,10.2746629566509,10.2596852753929
10.2718223230216,10.2283776117355,10.2376664399101,10.2543069344652,10.0567696544538,9.99826491489078,10.2052842573465,10.1861180651969,10.2122111137036,10.2157234089532,10.20872408646,10.2113225436574,10.249397507248,10.1603879929278,10.1677014606876,10.1636522056451,10.1698863552527,10.175732245291,10.1710596801502,10.1645499999495,10.1785727928464,10.16705234624,10.1735001322333,10.1736364761327,10.1740362626002,10.1839586761251,10.1893970002218,10.2075827825851,10.2082583094837,10.1729966563059
10.3545416696959,10.2742414818841,10.2999676528119,10.2917880894371,10.351847944154,10.304440420254,10.5734461504835,10.6059441474742,10.6693826077676,10.672554080868,10.6688257810234,10.6689934699719,10.6859689675263,10.7429779725688,10.7746285469102,10.7955410235402,10.8125849571535,10.8230813177509,10.7866509019013,10.8457155373209,10.8655728801552,10.8984166897461,10.9625687395496,10.9541710539288,10.9525158275404,10.9736997141753,10.9806397576199,10.9751071633262,11.0078502287576,10.9837192057625
10.2534777540783,10.2735028826812,10.1840554645153,10.1306120419416,10.2363006539256,10.209348926386,10.3408497244535,10.3498719759746,10.362557778588,10.3981002168311,10.4187604586998,10.417442600995,10.3994894891492,10.2293219613012,10.2430226675989,10.2426276287886,10.2170951018215,10.2244818228332,10.2198948695167,10.1476217280523,10.1324118271879,10.0961682294228,10.1033252833422,10.1065412824749,10.114536337483,10.1016053458816,10.0943038877717,10.0598858017989,10.0668509574753,10.0469969873469
10.2694871562893,10.0198609023424,9.86313967636504,9.83042537896835,9.97086661008865,10.3294206042464,10.4758722149454,10.5327667149387,10.560365830224,10.578547023097,10.5784020174243,10.5943532723903,10.5512911289258,10.3484366675834,10.3777909946458,10.3657427535316,10.2837800832727,10.2863594667696,10.3592191544272,10.3100392821303,10.1718310064176,10.140851426998,10.1065309517619,10.110169915398,10.0980786264128,10.1224497425484,10.1070219617913,10.0955835857757,10.1039750090991,10.1046306976076
10.2817377807127,10.5975989266171,10.6338254448019,10.6421204293472,10.3783622746584,10.3862053309875,10.6552427120146,10.6220476479951,10.5905600962544,10.5971273701035,10.6022737956056,10.6014906174015,10.6277599241043,10.4953987866599,10.4583347439389,10.4570557332948,10.457897822854,10.4706728598954,10.4626359275627,10.4489616188106,10.4185263405933,10.4389208797789,10.4674523114815,10.4760823944088,10.4895818799476,10.507316251501,10.5151223720075,10.5421293163111,10.5350624107974,10.5450305200859
10.3205593393308,10.4616449195117,10.5093991932912,10.5384489582292,10.5143264474596,10.551900622055,10.6470292915127,10.6382096553866,10.6690342293757,10.6763593438908,10.6860129748069,10.6911271012291,10.7023430189715,10.5174935367101,10.5207882965029,10.5027219253198,10.4554668909505,10.451080791808,10.4529312467189,10.4418677211293,10.475609558103,10.4780271691727,10.4817310246821,10.4585796218231,10.4587154370036,10.4570093527277,10.4520047883991,10.4435035326732,10.4013471105708,10.4265508408127
10.3003079661298,10.0543293323171,9.92556132743786,9.90557960031301,9.68111395745688,9.70334591808998,9.55827278337982,9.55727175102688,9.45382037679625,9.45272958180993,9.45602793046321,9.45728432693978,9.53629424168212,9.5502555431305,9.56192112300946,9.55171838739617,9.55158404446484,9.56153401828178,9.55406460892198,9.49050890088858,9.56001196499468,9.5408633885533,9.61955981428748,9.61022395647597,9.6094267294273,9.62178222944856,9.61761399280192,9.64123294357275,9.6452859255704,9.6309379565839
10.351545064653,10.0477097156606,9.88478387094001,9.85763711010622,9.64376959648478,9.65119961965095,9.87273438614105,9.80083762226087,9.64391474754907,9.63077491173269,9.62609935510535,9.6353590589036,9.80776719003927,9.67274670917901,9.64301238732697,9.62250745522801,9.62688470809831,9.62134052915035,9.54649279083872,9.65139447274897,9.65682878391258,9.61788692021657,9.57594523641455,9.60630345831821,9.61781144910965,9.59951030217526,9.597436404291,9.54480360556351,9.58983168718092,9.55451057539998
10.3153962975961,10.663571158658,10.637135229854,10.6133993677058,10.3095692628935,10.3095547095327,10.5117025861922,10.5182639427497,10.5308909416093,10.511580344752,10.4737567933233,10.4762927170873,10.5639378832126,10.5848508074919,10.5705333397996,10.5817994619342,10.5760066098951,10.5129375281342,10.5719939118128,10.4762793586259,10.5210810075021,10.5199477512095,10.5165933086316,10.4870661270327,10.4699408057878,10.4887707872428,10.4863586645343,10.4671382741418,10.4453288897753,10.4271528960856
10.3284809621641,10.3659784238879,10.313449241441,10.3160239058881,10.3478127849501,10.4303828342831,10.4111311468243,10.3664887155701,10.4304207607454,10.4051728016295,10.4005732057955,10.4003919502362,10.4381948246805,10.600020656216,10.6010755601408,10.596877661573,10.5762322044537,10.5350472687393,10.5744134154701,10.6448724842972,10.6309736132323,10.6498987131981,10.7137373712726,10.7184342138536,10.7194172662066,10.7227488992863,10.7184418667337,10.7707558417084,10.7582199704584,10.7354812643878
9.84164568614531,10.0573005047288,9.96746838424018,9.96642849133582,10.1951387882782,10.4107358636084,10.4681110691477,10.3726470161387,10.3400044069206,10.3362261100102,10.3540292805356,10.3565494313645,10.3240033777698,10.2469565351351,10.3260388891852,10.3360718219084,10.3954011548545,10.4058558678546,10.300633386379,10.2402179909904,10.2122862386635,10.2217133069274,10.3296559029953,10.3369418336677,10.4252824917608,10.4091724188987,10.3913939659021,10.4484848609386,10.4481478176558,10.4061539900816
10.0890322042843,10.2881030031373,10.2595803850505,10.2758972940216,10.3899574945119,10.4910635018886,10.5797520527434,10.7091355927611,10.7192810370618,10.69838094988,10.6669718444131,10.6694543633558,10.6974161753901,10.7284696870772,10.7313320097702,10.7408098523605,10.6840190332605,10.6270382529396,10.7567877790335,10.7740973056675,10.8059402804179,10.8335884234062,10.8368695092793,10.871314253184,10.9074114867819,10.9186217053682,10.9633691328808,10.9429660288158,10.9530305869488,10.9447284943664
9.76596297876509,10.0949468188134,10.0226931530771,10.0167496911885,9.96141664056175,9.99773504554283,10.0165680209089,10.0620465384234,10.0450161723483,10.0328616731963,10.0346234239633,10.039267741746,10.1039533948359,10.1178393376415,10.1627954378029,10.1606470026062,10.2461327214658,10.2445676946119,10.1151539930076,10.1331084847851,10.0968584949531,10.0215569243005,9.99472569045196,9.99574128295892,9.98504219936739,9.96463383428932,9.93499081753822,9.89298921562971,9.89667051092412,9.93267977283475
10.1074178093643,10.433362839427,10.3763864401487,10.4173049632099,10.5043440400791,10.4938423171837,10.7041057660956,10.6271846240999,10.5663952875842,10.5793407979385,10.5898964549663,10.5840982756782,10.5912678103556,10.5796328211041,10.5125982705799,10.5000476404657,10.5001007825578,10.441825870772,10.5494094590045,10.5803226014098,10.6253209162321,10.5813544994585,10.5886669436601,10.5925769533015,10.5912314876136,10.6102872173965,10.6231112844542,10.6331443251808,10.6863616112245,10.6719959909831
10.0842671433666,10.4054661635762,10.3201348679606,10.3391120810334,10.320796389135,10.3423833057822,10.2309158123146,10.2682825686983,10.2250657694601,10.2055617079849,10.1783800148208,10.176989897896,10.2054161805382,10.31878828019,10.3086502200124,10.3129808862018,10.3003235365082,10.2938787430385,10.4597289163433,10.4251650066016,10.508267731809,10.4696286215882,10.4581573345689,10.4446050859419,10.4406241896549,10.4224069508919,10.4139777611774,10.4247545509621,10.4084296614297,10.4304149934019
10.0386761392945,10.2012653780855,10.1299225995092,10.1356275779395,10.3149552158912,10.3630543727735,10.7420947762164,10.8217125027198,10.8372595675639,10.8477132272077,10.8486168966821,10.836938027671,10.77797125077,10.8075841587593,10.7285899446896,10.722341061511,10.7347305892908,10.7800277826951,10.7903979468546,10.7558194015499,10.8013058053378,10.7595844072166,10.7060019853705,10.7087972091747,10.7084589061062,10.7195234942382,10.721344775481,10.6836068100027,10.6659896531364,10.6415554915393
