10.1630644598928,10.2466861048157,10.2073143049855,10.4533275055791,10.4565499816315,10.4768931627563,10.5128182595661,10.5754399485849,10.5381825676603,10.5235827833409,10.5254006237308,10.5558143229186,10.5469819756756,10.5390935970423,10.4747886956222,10.5001520204093,10.476870160257,10.4968583329941,10.6295927478742,10.5649657634345,10.5752756356465,10.6366791912015,10.6366188407001,10.6301944196055,10.637765888857,10.6432430283111,10.642950229427,10.628198168283,10.6121781704642,10.6371209322209
10.1317558618357,10.1983325032915,10.2596723961055,10.3970327159506,10.3907019281885,10.4241403224945,10.4054523234584,10.3365941086781,10.3479259583845,10.320773631308,10.3281594935853,10.3325717378359,10.3304763575887,10.3186060211693,10.2808113167386,10.2762109988633,10.2678426713391,10.1642987875,10.1721196259563,10.1415272791904,10.1601058817492,10.1878946004901,10.2279554926856,10.25393968336,10.2539679015275,10.2401505593682,10.2826011436072,10.2676639136799,10.2813071617817,10.2838348976911
10.1203483747672,10.1826707893713,10.2748090774734,10.3442849673636,10.3255045586811,10.2218764189716,10.2955051928229,10.2597375102491,10.2180599656026,10.219994347623,10.199307212186,10.2440754972296,10.2527402219828,10.2158259754495,10.2307092448283,10.2226739751613,10.2159438347488,10.2068815964987,10.2073163209429,10.154180415055,10.139181723415,10.1292948143002,10.088840766075,10.0696593183589,10.0747690868054,10.0732094462378,10.0847319370875,10.0674885128058,10.0714092821349,10.06523218124
10.1880078236171,10.3539325391332,10.2858670538823,10.3137911808992,10.3057093688172,10.2983557509807,10.3472933578549,10.4003943619475,10.3392574487978,10.3545410528122,10.3449855126909,10.3979286112732,10.4020003951773,10.3638871453764,10.3921211848842,10.4328816150598,10.4217049202173,10.3816369541407,10.3839729158054,10.4261144123505,10.4320484549758,10.3837582024761,10.3325539197752,10.3189551821555,10.3150750616991,10.3015225031026,10.3012110721196,10.3267129269966,10.2952291474805,10.317167963212
10.3645158985279,10.263133845521,10.2292348625513,10.3352614587103,10.3351546042648,10.2826997476529,10.1522726433767,10.1405786135863,10.1476816980207,10.2139282817455,10.1996306660288,10.2000824787896,10.2001452082964,10.2209752131158,10.2169859498186,10.2311423724262,10.2422925902327,10.2068936551028,10.1990484534024,10.1572987150007,10.1505572361222,10.1630755879599,10.175503680832,10.1786801359313,10.1731334268685,10.1768163249403,10.1887724445336,10.1885676817176,10.1871080439611,10.2086506283643
10.1691671825171,10.0785298049711,10.0609593668395,10.1821287741457,10.1664918793379,10.1624339355852,10.0898151701628,10.1494359337286,10.2306606277361,10.2581007503461,10.2494010587816,10.2455039399947,10.257969023293,10.2597626490784,10.2132486959983,10.2158506233024,10.179804143554,10.1786343334909,10.1734226000545,10.1707380767412,10.1777595804003,10.190288333796,10.238032692717,10.2358367475959,10.2322497128371,10.2315313492126,10.2306155616034,10.2207536114233,10.2157254426071,10.203359890171
10.1410580276753,10.1385366324893,9.95086979090647,9.99585866251079,9.99859484280548,9.88931282414894,9.88092509587172,9.87844284276555,9.86080009902785,9.93564987149228,9.92191332819075,9.95613542131266,9.97314081888121,9.94483125899842,9.82352957359192,9.80682644049988,9.81148440028078,9.87197179337601,9.87370316279434,9.81560657673622,9.81814687881085,9.81927776084147,9.79525047859524,9.79864265431329,9.80376480292748,9.80317701640572,9.79093229705575,9.77954195216607,9.78214159786987,9.77732646803976
10.1889497058746,10.1022401864888,9.89061830980823,9.93085816837532,9.90574776165461,9.87732292460747,9.81051050658274,9.79976307809688,9.76328395028487,9.83109295949345,9.82596852946404,9.83899954178888,9.83858543387643,9.89597365375403,9.93402504962367,9.93324260084848,9.90646873605383,9.93580059758595,9.95173963943613,9.97121436272988,9.94528219635254,9.93047778022538,9.93252670659035,9.91062397418351,9.91084637649803,9.91928711536897,9.91932388764017,9.92346180320527,9.89648753072166,9.8819234967863
10.3735234599153,10.4136956563696,10.1434335573732,10.1162904954774,10.1139348336198,10.2137399323804,10.1310433302753,10.0009022664652,9.9957990281229,10.1034446666501,10.0934284338707,10.1148021473226,10.1074988153985,10.0897809566161,10.1363829799355,10.178656779181,10.1889263909969,10.1963232445427,10.1969066957854,10.2516132911465,10.271838497593,10.2724452554039,10.1969059850923,10.1970559709102,10.1737232463547,10.1609297730867,10.1703333223769,10.1735735719786,10.1686967827087,10.1918958998425
10.1974750284334,10.2734633674519,10.2099489961524,10.2714327748536,10.2659960236271,10.2339977916063,10.1213619584532,10.1453266226921,10.0990077740258,10.236046249034,10.2221380674855,10.2603236365828,10.2662996646837,10.2566899673738,10.2496259853658,10.272256341678,10.2996982249884,10.2867715272256,10.3994716378496,10.4100781947332,10.439128291647,10.4935653610305,10.4433433084859,10.4803968283976,10.476275488278,10.4726327493598,10.4719419892525,10.4487318646077,10.4436751773856,10.42879811246
10.2564287277948,10.0900819614639,10.0147658498716,10.1325928844633,10.1646508008517,10.1458041003405,10.0289086075911,9.9831906946428,9.92865330369766,9.97904539297502,9.97773923516447,9.98696744170013,10.0034070163758,9.91177799451323,9.82979421763889,9.82660065853956,9.84926751082255,9.84255371212503,9.84979477790676,9.80509140994885,9.81988269174654,9.81939682361367,9.79809294626935,9.64704591099473,9.64673427637847,9.65218874551844,9.59099834251554,9.59028281063521,9.64656789340003,9.66808983132526
10.3579365272008,10.2705451610417,10.1008268980422,10.15048478406,10.1828364458401,10.1767991637397,10.1261365424908,9.90322708964758,9.85075133667285,9.79597202616926,9.82047738698598,9.8211674261206,9.83229107137044,9.78688390259302,9.72341498079629,9.72642858791625,9.73696616579191,9.71420398459709,9.7154158428624,9.74001838411746,9.76995941592061,9.73164762846131,9.73193524403952,9.74406143313991,9.76201912181805,9.76342938154018,9.7736413765661,9.79671140380689,9.82657767264323,9.82574541814679
10.1333839701599,10.2596047924107,10.2511003159986,10.3434325358828,10.4084690036099,10.4264728762207,10.2783622822064,10.172381133729,10.1336844894785,10.1025263376845,10.0888876705282,10.0758709356223,10.1055462387846,10.001172066432,9.99921208788079,9.99824260754941,10.0227968138354,10.0448988551417,10.036462937954,9.99759648183479,9.99754385768424,10.0031089044262,9.98430301983043,9.94966595329017,9.9660786343442,9.96002449122917,9.95830249084901,9.94417818533692,9.92944151934687,9.95204698516868
10.2882034638189,10.3278720790034,10.3309560190453,10.44803971645,10.523527762974,10.5539976067394,10.5726788266286,10.4013010752061,10.3354427646086,10.3538159036628,10.3560188774124,10.3455324513263,10.3531474787004,10.3071666105161,10.3220995474409,10.3446721587677,10.3481383325239,10.2585282656773,10.256538318547,10.2785886528306,10.1756085211506,10.1786847586717,10.1769498291008,10.2098739233354,10.2275210090752,10.2303729461945,10.23068958383,10.1760972782198,10.1733872985791,10.1304276367788
10.1546126541129,10.0668325194149,9.77434039475592,9.88399544525672,9.88672839828665,9.91318828396189,9.91279008720601,9.90316870939076,9.93931854620042,9.83872498917362,9.79812571781416,9.79446855821951,9.7912876248731,9.68859248796963,9.62314953273136,9.59552137078987,9.60964334413326,9.61698714923851,9.61752260856407,9.59933266188973,9.58912484510488,9.59651422052574,9.58755605044802,9.60658964856628,9.58812210616934,9.5905702035897,9.59548229848275,9.60764579355253,9.62700514779404,9.63303053790515
10.1858899242745,10.0977332364465,9.80384790027976,9.86724624755672,9.85565884406937,9.85711668336141,9.80320448931094,9.64299873588449,9.70089080390946,9.54606913067774,9.53863281789174,9.52360796176542,9.52421875683506,9.50012401323013,9.43803704292977,9.43909071701887,9.42896475802047,9.47695425120297,9.45900138995355,9.49698973538255,9.48992800255693,9.51144774026152,9.53290425963868,9.54751121498615,9.55402929483914,9.56517750366466,9.56564278874377,9.56770554463869,9.59776179582843,9.59697891172154
10.1408707873174,10.0785927757255,9.99966653635784,10.0156118871672,10.0086617242228,9.93424224274129,10.0420608292896,9.97955986716081,9.97772516432057,10.0736811285948,10.0549829825929,10.0723252138395,10.0632116087322,10.1098545741844,10.1019775729055,10.0963294108657,10.0713152957282,10.0524206843514,10.0514749892583,10.0880035052374,10.0762242932352,10.0718622153202,10.1034155794603,10.147256181427,10.1419138314703,10.1411889469315,10.1281230303432,10.1515155517166,10.1645098019537,10.1661892638401
10.1848489511308,10.104915460338,10.0020630126481,9.92384440857268,9.88801352092158,9.81133285190306,9.8795383835054,9.84406202064431,9.93477791650651,9.96968959255991,9.96873688931525,9.96559572725925,9.97250147833579,10.0278463221974,10.0302834016263,9.98480103999864,9.97250882040465,10.020621085966,10.0495413011849,10.0236849492431,10.0155265899164,9.98635458802557,9.96952124660937,9.96297866304724,9.97759654396488,9.99152237944861,9.99112961587118,10.0231198809477,10.005746640588,10.0061966985864
10.1814706912866,10.0656997894143,10.0139538123892,10.0769013699544,10.0715748899365,9.93970310108971,10.2087568848853,10.2874982728959,10.2375082574265,10.3374530092178,10.3185800326838,10.3089648384136,10.3058945140068,10.3423241109748,10.3479915735677,10.351060575402,10.3743795704086,10.3411763379335,10.3390418048119,10.2260036637943,10.2260819977848,10.2188975512583,10.2100166258039,10.2163889086082,10.2161564814161,10.1999820531743,10.2301502674982,10.2475339322008,10.307281667004,10.2888536917579
10.1982961170306,10.1280493794374,10.0251260648776,10.0746681750758,10.0645057034534,9.9927293569243,10.0572159656755,10.0738921053824,10.0185603953607,9.89349616322072,9.87526062855176,9.89296810622152,9.89366281259654,9.86082582533194,9.85208406103634,9.85483381327157,9.85383056166445,9.85395076252248,9.85408164075602,9.85694167988317,9.84947382818823,9.86878643385142,9.88892340139179,9.89081404007692,9.89024320115014,9.88068184095701,9.87310934543239,9.8780097330433,9.91694271569887,9.9145852661102
10.1742006416702,10.158937643711,9.79308155059041,9.84176737800353,9.81889821100197,9.76403567328644,10.0115556175191,10.1596027782342,10.1371857436895,10.1196820558769,10.1284571575378,10.129273606836,10.1199141568511,10.0811993379187,10.0843990491255,10.0891026720219,10.0948025084842,10.073921047195,10.0658454435995,10.1109815757268,10.125696894284,10.1392829470959,10.1225055607542,10.1205115359304,10.1090512257769,10.072705340922,10.0031196629714,9.98998316398736,9.99310201480805,9.99141199830441
10.1930929022326,10.15096611497,9.87253672013025,9.79540344513272,9.7572933774301,9.73332434848559,9.9004530088176,9.94336531693588,10.0470700813055,10.0487486457698,10.0386125967696,10.0431418798777,10.0427689350825,10.0590829273059,10.1572128688828,10.1551074745063,10.1532969068394,10.1954190535936,10.192342302081,10.1610835259221,10.1424766047812,10.1006445978779,10.1083597745842,10.0828752025142,10.0568122124639,10.0714250185123,10.0717662338813,10.0270572048376,9.95701160386789,9.95763870677718
10.1927600885129,10.1305305293454,9.95231577610059,9.92562756512652,9.90968752060657,9.91687701155204,9.77752065927077,9.64330575615329,9.62398620289887,9.52216631871456,9.54613807070282,9.54470950923115,9.57263633050416,9.55775765596848,9.59511831653327,9.61256771110948,9.60384369119159,9.6627045002736,9.68873247391463,9.66766798299534,9.68718383179682,9.71215910578722,9.62155997311911,9.62807466541161,9.64004316031797,9.61497485581897,9.6318616762673,9.64667278705534,9.6795805019218,9.67925906389154
10.3720550697657,10.3556402641346,10.2014009582061,10.1812346014978,10.1994556058662,10.2086912064811,10.046723480471,10.0612622703399,9.98776326268015,9.87866127214497,9.89440944677572,9.87227992494995,9.86794292040539,9.86274210340611,9.79033860434619,9.7994227483022,9.79317533008365,9.8282066184752,9.82744997203283,9.86988922900386,9.88947422542898,9.86776534026944,9.86402394840883,9.81655111102263,9.80503626079559,9.80477478180668,9.77566310438478,9.756646193555,9.74147267436702,9.7487814299978
10.363936881471,10.253490422003,10.3719755439788,10.326405578407,10.3323377400943,10.2671458019279,10.0693734921038,9.96579461339983,9.90280781980079,9.91099119613997,9.92071464968625,9.88281948646193,9.88153752325712,9.925632292307,9.9699472669981,9.97150674463471,10.0012765689159,9.98999677242233,9.99149175790209,10.0860288014525,10.0777212065322,10.1025030171765,10.0985558426063,10.0734947931108,10.0707031510507,10.0707948438601,10.0847446914417,10.0081100537795,10.0082588442352,10.0119810529451
10.3341661738351,10.2963113890582,10.2149753104722,10.2192083768991,10.2119849078388,10.076608921414,10.296049191803,10.2987474736663,10.2090703148589,10.2898881512837,10.2894348940529,10.2919192108859,10.2841263481535,10.3115506161855,10.3807674501091,10.4229886982819,10.4198283073649,10.4544478739124,10.4559076127676,10.3482564647903,10.3701460605014,10.3771160652622,10.3765013115884,10.4063288531246,10.406813264317,10.4100565352247,10.4109908600403,10.4552992555159,10.49731472466,10.4479215171532
10.2474123951088,10.1469068970717,9.6487771829896,9.64079576925783,9.6406113663008,9.7109636795507,9.56245278301224,9.41197708953701,9.4525381911338,9.39777765438206,9.41113448027844,9.3603352490528,9.36144765905135,9.39768945808833,9.4220108857442,9.34350514718895,9.36962689266035,9.35717610850551,9.25457745707013,9.29333318420174,9.30308661669364,9.29890712254495,9.31533774713303,9.25776147855535,9.25230217219484,9.25905264244994,9.25900794832777,9.28121394684367,9.29177926262156,9.32892380449507
10.2120169851633,10.1601790161261,9.75067722947854,9.79848218317812,9.81104254889764,9.84241100336724,9.56463666107609,9.56269373138743,9.53206990019648,9.55332200110044,9.58537254730429,9.5644469935931,9.56601708512934,9.60319947447074,9.56033947733057,9.56078788064009,9.53246661200868,9.53300737454592,9.53102067552328,9.47663602919971,9.49182758419628,9.46780425968501,9.48235950136066,9.49044729432959,9.48907874070453,9.49700505564555,9.5001485295247,9.50626089091279,9.44723896355938,9.46687892236613
10.1834741207024,10.0979645053994,9.71012025907785,9.78024755583963,9.7506782086712,9.83871910750818,10.0587067590728,10.1745734964167,10.1753086785884,10.1154453885485,10.1184238653617,10.1169495911513,10.1097536001911,10.0902782197965,10.0753162829929,10.0351402789711,10.0652146390749,10.0681874376741,10.0738361575761,10.1311964916471,10.2116197120191,10.2091716068189,10.2906842005874,10.3001113181806,10.2983643258501,10.2747801418659,10.3039913241825,10.3120883104428,10.2332468316034,10.2368607770635
10.2102390020775,10.2945129171557,10.5328756119376,10.6356704266915,10.6047004577763,10.5810085956781,10.7069110389394,10.8036517462983,10.9260376643643,10.8481964824839,10.847717629429,10.8517719680473,10.8250489605351,10.8737344204752,10.8290007685909,10.8378357564205,10.9445619559125,10.931232544447,10.9185472163029,10.9673587375707,10.9553761091307,10.9547970003767,10.936346864495,10.8908748660182,10.8920200030826,10.8951045534138,10.9294760931535,10.9203424841955,10.9663601914502,10.997638562016
10.3275219418989,10.4243904852349,10.5122590221629,10.6691038998677,10.6635745526274,10.6948645540416,10.9172189548926,10.8248920614943,10.8656749992135,10.7955314622377,10.8428447127837,10.852092590364,10.8525917967739,10.9441247950699,10.976209886172,10.9841605388477,10.9884003231662,11.0037131070472,11.0100954167256,10.9850945086376,10.9628320772809,10.9353427324786,10.891146508225,10.8934672255259,10.8860774198124,10.8868154508845,10.8203616739754,10.8105188423217,10.8057153774218,10.8186070421217
10.1654831453231,10.2265186195269,10.0236247808579,10.1490446011093,10.1577265696933,10.3707877473918,10.4965193770776,10.7286234007813,10.6471559975902,10.7924493945579,10.8194526840659,10.7530039703468,10.7517315015002,10.8563448111388,11.1274991658636,11.1315940359214,11.1643643902344,11.1321211647547,11.1317686994793,11.0125637254281,11.0130137884259,11.0339495887346,10.9989515220309,10.9892223078526,10.9900021622251,10.9748499956557,10.994193853277,10.9961276526233,11.1852762887965,11.1771799581475
10.1604372835663,10.0842576585768,10.2317185908508,10.4471468332442,10.4471738114231,10.3928705222693,10.5395121267788,10.4092152822316,10.461688145124,10.529668313962,10.538736815079,10.5175140698009,10.518649391684,10.5848713038255,10.5657360832545,10.5064955376074,10.5074772471314,10.5015894538862,10.487258259879,10.4529554598057,10.4762370238069,10.4423294123321,10.4296440311367,10.4374094281002,10.4378311616148,10.4455978763976,10.4470904912874,10.4100532081308,10.429387719395,10.3827413065023
10.2502386738921,10.1847007053526,10.1567528040142,10.4584931889246,10.3827732864841,10.4770812918357,10.2820450198117,10.2190901441606,10.202257798007,10.2559718839943,10.2677057773583,10.2722661980031,10.259799201656,10.3063512558357,10.3358464457227,10.3369788901581,10.4172814696586,10.3996133908823,10.3862489989868,10.2806863829248,10.2936897062851,10.2941223236102,10.3158560918474,10.3096882603194,10.3112165474554,10.3142414744742,10.3444156221655,10.3699245416605,10.3471356205786,10.3581382222312
10.1544015648624,10.0594717829081,10.0720212211794,10.2262510803439,10.2370347757065,10.2275223198727,10.4438241210778,10.4215345068163,10.4391525882091,10.4589529341131,10.4928037068711,10.5041250713062,10.5002553338609,10.5544974294274,10.4844335956198,10.4865438742881,10.4905327757282,10.5139056543242,10.5131567743499,10.5454783139085,10.5350836785434,10.5112054986687,10.4770310391104,10.4741696707895,10.4731766744801,10.4614541250313,10.5201923228958,10.4998030889622,10.5368529689738,10.5525158363208
10.2899296726709,10.3803717052477,10.6328887297607,10.8678106173375,10.8670804225832,10.8376668587356,10.8277104945174,10.8096353625851,10.7750387644605,10.7778639036254,10.77560181941,10.7804862918354,10.7788303267203,10.8183275021848,10.7824419347587,10.8091812746885,10.8094514133027,10.8193471930423,10.8173125412212,10.8588879304545,10.8856615843384,10.8846803762019,10.8789079659853,10.8948106515044,10.8870182045299,10.8955088602836,10.8961051208189,10.8855302980941,10.905248159386,10.9140952963468
10.1272493704589,10.2193859666784,10.4326739917689,10.5818571145865,10.5603564098242,10.7084340585465,10.7022617163487,10.6708732056203,10.6697762813135,10.6541692358586,10.6533693136367,10.6430328582982,10.6540251060162,10.6979243590121,10.6868399409831,10.6907590027637,10.7059183017763,10.795735182726,10.8002861507244,10.8277099050063,10.8262789878203,10.8378143292399,10.8490758920405,10.8450712630976,10.828909816736,10.8332317151359,10.8331238068386,10.8203871348704,10.7790772994948,10.7952378440088
10.3174563709326,10.4231416786292,10.5463019496206,10.5416788364175,10.5515788106196,10.5512276542986,10.7755162765191,10.7422193225556,10.6961681581632,10.5844076626454,10.589886814961,10.6183269851939,10.6234147214893,10.6374832608934,10.5264078337361,10.5056821720036,10.5419406392174,10.5458140811455,10.5459252456881,10.4977329405132,10.4963842545038,10.4997856951291,10.4997689569717,10.5132584436038,10.5227815715489,10.5226810027073,10.5278242817438,10.5636937370153,10.5558140622267,10.5561075068656
10.2167386345701,10.2991423490033,10.4056595482477,10.4394458227931,10.4368097887913,10.5439563504851,10.6212488824975,10.5512604148894,10.4662178922234,10.3774669953601,10.3761901344186,10.3678389841515,10.3581502028569,10.4086872897761,10.4454543033266,10.4081109094052,10.4372466278859,10.4212837788172,10.4413000827524,10.383325829529,10.373845484833,10.3730128199757,10.3765509306846,10.3454772112387,10.3435969673655,10.3420676755667,10.3271732096785,10.3298666758038,10.3460441625918,10.3497918497986
10.3209989888658,10.490315327578,10.5902207460891,10.631934653701,10.6048025686484,10.6637567475813,10.8774825014293,10.7358557917526,10.7775291020014,10.7119948044241,10.6949019558611,10.7026573814084,10.7000819061685,10.7070595535504,10.7586642874983,10.7203236049143,10.7563176061944,10.7676564060114,10.7676661799483,10.7149399934806,10.6863174812677,10.7270190454798,10.728048846447,10.7136242914754,10.7200103435984,10.7198793615263,10.6966169760394,10.682922141589,10.6196665275371,10.6218195953739
10.3060611004585,10.4696963234111,10.6923780189128,10.7546139673958,10.7320686808758,10.740992287425,10.7829515823623,10.6823220647771,10.7032770634529,10.6528225274654,10.6510340965042,10.6435960899469,10.6332374047052,10.5982185656096,10.6433577938468,10.6305451059244,10.6322476996964,10.6460765770745,10.660394566454,10.690914700154,10.7071547926843,10.7024236757228,10.7003888896406,10.6802026721401,10.6828944996593,10.6804033830516,10.680586229908,10.6893630811866,10.6577228347597,10.6517359100724
10.1044456523468,10.1774834954715,10.4132651991285,10.4823374014764,10.4710245404947,10.528133638908,10.7298557429279,10.6024866445795,10.5935576220508,10.4990831476297,10.4962044822482,10.4629758980698,10.4373669769727,10.2770166728547,10.3654452197947,10.3822361729129,10.3188416157594,10.380526969885,10.3812365657098,10.4122266567945,10.4265596732345,10.456351210543,10.5200417435711,10.4760572223917,10.4892127237622,10.4917308846139,10.5121193504399,10.503572447072,10.4734268397147,10.4760175002622
10.097784214846,10.2006804827056,10.5757195252522,10.7066129546178,10.68407602773,10.6514597470917,10.6964438551622,10.6362987576557,10.5899115508106,10.5455803164356,10.5449610746624,10.5101665836027,10.5016259885209,10.3756248513686,10.4293566689005,10.4520553487455,10.4280866516568,10.4498643840291,10.449798241562,10.4323103143334,10.4374943638544,10.4531577234158,10.5147326385261,10.4808279989531,10.4817159651878,10.4841963812548,10.5121051339428,10.4870400749392,10.5021022871734,10.5023218260012
10.3484258752004,10.386153776816,10.6081956434436,10.5659074217252,10.5518164208055,10.5492896794165,10.3538850605187,10.2566405649671,10.2843895931292,10.3856536515172,10.3886800846796,10.3866937297055,10.3800468499432,10.3607745339521,10.3303147843564,10.319346470696,10.2719005813892,10.2594633469853,10.258151702963,10.3824866793837,10.3327942169254,10.3493975424602,10.3500084865101,10.3482929027947,10.3399621283705,10.3393957471821,10.3340524118816,10.3125546051356,10.2685720954203,10.2750921975939
10.1558221754137,10.2274464527663,10.2160031137731,10.1396401215754,10.1293496167386,10.2242404080772,10.2624051701182,10.2193611248736,10.1925485344175,10.2953731282847,10.308584743585,10.3082239180355,10.3169741488783,10.2846314554403,10.3130080536735,10.2813718556402,10.2656618026999,10.1777155573141,10.1875179592886,10.2189315870222,10.2542429062386,10.2590130923863,10.3505411518594,10.3356319035568,10.3363084440572,10.3860017559832,10.3874263432625,10.39107671581,10.384076132841,10.3864785702689
10.3991127046363,10.3650446887231,10.5113656556588,10.5031528646045,10.4986451336176,10.6029323743215,9.98823613067227,10.1389451746506,10.2377990925331,10.3219369765227,10.3376229150568,10.3537930254837,10.3567556549121,10.1614061914438,10.1838428727482,10.1272509878889,10.1087170572073,10.2085708598023,10.2103205929791,10.2234419297685,10.2246251766212,10.1702827469296,10.1815731267124,10.1753076603131,10.1812169793644,10.1870447000529,10.2212211020622,10.2177213898568,10.2131079605202,10.2214929564253
10.3601529453837,10.3366305142633,10.5760032334589,10.5844270726152,10.5626494126163,10.5553437345389,9.9854475497417,10.0573278010569,10.059565096701,10.1604187413372,10.1589470040023,10.1823946649767,10.1732285741445,10.0689123884865,10.1396536009475,10.0826103825522,10.0728894738268,10.1102905240249,10.1242761512872,10.0914606624607,10.022140177441,10.0171597624787,10.0243925233132,10.0229133837168,10.0260412394027,10.0289425384251,10.0276507820158,9.9532681257801,9.95380282016117,9.96751596674448
10.2552681734561,10.2373855543662,10.2453152203039,10.1189010591803,10.1151573365081,9.95044356898735,10.0875559776892,10.0831654448909,10.0106547930318,9.99807937821612,9.99756291858564,9.99740627692712,9.99353354279218,9.90978668527416,9.98857816794665,9.99229378787052,9.97963389810318,9.99061351571002,9.97978596386699,9.97703053685369,9.99624812227185,9.99424059052093,9.94092468786181,9.9588062386227,9.95786459226021,9.95564072978795,9.95824525377055,9.96952717226547,9.97236957018444,9.98778169232614
10.1488161911082,10.1933382164654,10.0981903512956,9.95526974432895,9.94760444243391,9.92853929843375,10.1066957927599,10.1321938023634,10.0898896140547,10.0809099289909,10.0677705190383,10.0660060435389,10.0683753241983,9.94514168713802,9.99062725992941,9.995016022106,9.95998446553681,9.98416924525949,9.98425227541788,9.89331996027915,9.9139354370986,9.9182193646765,9.92931720549106,9.95513723231143,9.94813552486424,9.95210798876293,9.93170920853163,9.90624848675365,9.87116404809274,9.86854160049029
10.1523849127142,10.1631729801471,10.2548184103645,10.2323288422898,10.2383622458188,10.1943392318815,10.2081405094876,10.1173442275551,10.1083354628151,10.2451824238834,10.246707359885,10.2384232609964,10.2450651443645,10.2511624384845,10.2299132679822,10.2347118291139,10.234950830528,10.2607863718638,10.2315645670422,10.3083308331757,10.3256051115376,10.316226535487,10.3438920914996,10.3818087317821,10.410318868647,10.4042482042485,10.4061627564652,10.3883871737029,10.3730923874133,10.3743958639882
10.240806933989,10.2345415943436,10.4159585905132,10.3592786391931,10.3503067923952,10.0731388701011,10.1768656297329,10.1431332980863,10.2352056854845,10.2274268659065,10.2310303622718,10.2287008812201,10.2270605572341,10.2544488904412,10.2437945375662,10.2258216847277,10.2040915414044,10.1995341422936,10.1914210022691,10.241232275253,10.2493047211457,10.2493381440492,10.2623295976944,10.2697253550259,10.267532153073,10.2707329836514,10.2571196902232,10.2787185523081,10.3024051992465,10.2938951176981
10.1755405203716,10.1489262983292,10.3301394026617,10.2996762478059,10.3017350376069,10.2138778306705,10.2550933867939,10.1897873252826,10.1931232720209,10.2184190759316,10.2327914085507,10.2228695093219,10.2210921787707,10.2432850760178,10.172636180678,10.175075833156,10.1816896481737,10.1182444553891,10.118293828119,10.0928477392906,10.0923708908085,10.0983694640778,10.0827966669968,10.0790543280108,10.0783979368194,10.0856727228391,10.1021124691864,10.1020024429689,10.092159100532,10.1010244006605
10.3559109954857,10.2866142756288,10.4177560209842,10.3360920666988,10.3375661378439,10.328688385227,10.264265127314,10.1113965498184,10.1329093573328,10.1796320066954,10.1784361228357,10.1786884531006,10.1746479293031,10.1984661528536,10.1616637168175,10.2055821743551,10.2076697758994,10.1792827584239,10.180493807674,10.2175589357058,10.2374439526362,10.2374392731526,10.2364443303721,10.2525644753903,10.256256970187,10.2564481348578,10.2430362283981,10.2525389753257,10.3014170746588,10.2968649019417
10.1786031991922,10.3053567559219,10.3051591949795,10.0309346583619,10.0457691246706,10.058332988139,10.1607985680256,9.88776370311488,9.92569226652035,10.0466768832188,10.0384049104201,10.0221731420501,10.0216190375311,10.0736020093897,9.9689984960202,9.96852194414135,9.95762217119525,10.0349366682617,10.0347112274417,10.0261672866135,10.0292825204367,10.0344147685239,9.99782498156099,10.0050277819731,10.0063587756171,9.99911717874256,10.0076866449109,10.0107314914164,10.047641731067,10.0495037351751
10.1579534189327,10.2989571084332,10.3700712542622,9.85924872762608,9.88052619673096,9.85139687321076,10.0422215866298,9.84619071913568,9.89913288659302,10.002812432037,10.0040131310125,9.97141434968471,9.97062695859992,10.0189905016812,9.9228009601722,9.89023455480257,9.90089720071715,10.0366544072988,10.0709581999929,9.9795111312247,9.9470376984287,9.99821796704669,9.99294783828147,9.99861281172257,10.0021024458138,10.0341150384931,10.0334637955862,10.0236546812544,10.0715296217983,10.0716994697614
10.30021449375,10.4591936795073,10.5267791235043,10.6261433934364,10.6656038582016,10.633742420392,10.7057982266466,10.784635525628,10.9427239656211,10.8929000093328,10.8937557891315,10.8665911330902,10.8635029214244,10.801289673722,10.8045714618039,10.8309000728427,10.8331801295508,10.806061839983,10.7949317984125,10.8210093050101,10.8000433950315,10.7973879119491,10.7949447587518,10.7913136794912,10.800674359934,10.8098190711495,10.8093566521525,10.8019365678118,10.8312712671452,10.8415464189291
10.3708870634049,10.4899368976979,10.1899825421801,10.1202449921966,10.1274214363017,10.2298057267706,10.1154668731446,10.0857468348219,10.3231806426702,10.336754766541,10.3648511162086,10.3789680926152,10.3822260298111,10.3940352125482,10.4199807599729,10.3949706332666,10.41181910604,10.4544866686067,10.4672166030698,10.4259761800052,10.429848913803,10.3956048728812,10.3846710246754,10.386925765347,10.3816780603725,10.3983924619658,10.3774245183282,10.3763745812934,10.3756342617018,10.3597038463413
10.3400931427592,10.3200748712996,10.3403696138867,10.3462803090396,10.3708875826814,10.3526224502712,10.2193629492394,10.2264871663057,10.224168672221,10.1320231423917,10.1298141396333,10.1202075331941,10.1163718010414,10.1488704521998,10.2421544416959,10.3015335695216,10.305720475398,10.2747221295598,10.2821792973249,10.2576122024204,10.1890460695785,10.1966589456355,10.1988350276279,10.2241682789308,10.2179496526426,10.205084652653,10.2045017384194,10.1649591265369,10.156295755805,10.1653358659952
10.1913259631923,10.2052825540363,10.2403627987928,10.1805130236199,10.1913352772177,10.116639549661,10.0236798970168,10.0474225256887,10.0717570601503,10.0187403364982,10.0225955358282,10.0182423643365,10.0199443933653,10.0122551780221,10.1346032463383,10.1827019462133,10.1953506387637,10.1667098507345,10.0880709651448,10.0665596481381,10.0540084374127,10.0315891833433,10.0103578154017,9.9543837282754,9.9572682697122,9.95951084765226,9.96006518377444,9.95215681071935,9.97100603558622,9.94413938579472
10.2427982831762,10.2686761820036,10.2942171791222,10.1353204983414,10.2169365627369,9.9785709763243,10.0453287492282,10.1241231896323,10.1714218243099,10.0522398311819,10.0554656971393,10.0504316373034,10.0446905011968,9.99540628112437,10.1063636104807,10.1493319472614,10.1807095925236,10.142846789345,10.1296139975234,10.2085089856208,10.198705108293,10.1974334169571,10.1932693364291,10.1495379390305,10.1496199884754,10.1493859890316,10.1468510891752,10.1442116247277,10.1341660019244,10.117631516954
10.1702054823121,10.2764240849586,10.0956913685876,9.77754530663914,9.80606281484763,9.74736233228077,9.87402820471324,10.0001987763987,9.99949701148361,10.0131968014429,10.0128157504367,10.0548929291862,10.0531277871218,10.0400465096356,10.1450448213164,10.150679129754,10.1543657558291,10.1409348440586,10.1441586204427,10.1314684363487,10.1391497759429,10.1659031445219,10.1517887177776,10.1503716694735,10.1469826075452,10.1425231442023,10.1431221576319,10.1148891489996,10.1212625274322,10.1216219210957
10.1817089485166,10.1295741797822,10.0239212637354,10.0159226399234,10.0102807243279,9.8982667054165,9.92534252897122,10.0417903203853,10.0791992972888,10.0223585117849,10.0232722876751,10.0210905175738,10.0236608549003,9.97794809693859,10.0093014609278,10.0102911685093,10.0026384314534,10.0227056817864,10.040248068914,10.0673044819093,10.0663258132834,10.0785967364604,10.0758757404014,10.1898465147864,10.1729062119908,10.167031415501,10.1671036118142,10.166150131984,10.216547288591,10.2120353339332
10.1547772136497,10.1272411799951,10.0630587852975,10.0253504508025,10.0236658503,9.90757007889603,9.90537838980794,10.027080760376,10.1006178042309,10.0514760198503,10.0474973944754,10.0587652765717,10.0556128136327,10.0218521041246,10.014746597467,10.0276569843152,10.0284326686102,10.0636403077509,10.0633969724455,10.0709691960636,10.0661717835731,10.0730098069243,10.1062681638406,10.1180446112627,10.1094317872632,10.1089736725958,10.081783183514,10.099725140366,10.1300436246741,10.1329477857098
10.1916483391028,10.3513222322283,10.1815603706475,10.1194698733546,10.1300984718502,10.1284641013471,9.99231042794252,10.10295235095,10.1028937767336,10.2053132159866,10.2110717100279,10.1940186141611,10.1981596212337,10.2167299704012,10.191645455395,10.2333121663044,10.2386467248394,10.2753348001192,10.3674445083977,10.312488070895,10.3032931287447,10.3436071694071,10.3392554655439,10.3626707575651,10.3628863406869,10.3548023742996,10.3555004510008,10.3439203651207,10.3378130505468,10.3167189340264
10.1823120413219,10.2194044904889,10.1654589790899,10.1749312959041,10.1905643993013,10.0996407191352,9.98706058046253,10.1612788093341,10.1380007172573,10.1667691544976,10.1648722378018,10.1462889731758,10.1447450235608,10.2091543053678,10.1383027801025,10.1377792830416,10.1445488427758,10.1537021766011,10.1536932395184,10.1331650910952,10.1388496381992,10.1277759730527,10.1282120430651,10.1268866504134,10.1273300668886,10.1364102981841,10.1589801432912,10.1595648473509,10.1107388745601,10.107088354752
10.2304785806877,10.3409134992521,10.2538845721252,10.2954424929149,10.2739962086966,10.1839660255167,10.29636734557,10.5321183549071,10.601395262964,10.6507424614337,10.6534916117711,10.6461181050932,10.6403454394196,10.6837158637286,10.7541673964339,10.7854935469586,10.886553441655,10.8904062382704,10.8951731307957,10.9978311203399,11.0074003352554,11.0057298139568,11.0176571646458,11.1029465863818,11.1017021899867,11.1060640562644,11.1072498342806,11.1203966254484,11.1413918558181,11.0884468244885
10.3944769562438,10.4254541369516,10.6020532808877,10.4496481782956,10.4358999059898,10.3744501647191,10.4260910899386,10.4876142583564,10.4910980408774,10.506069616724,10.5556649533726,10.5416641696795,10.5415875702843,10.5091100905383,10.3615857647276,10.3864539427644,10.3759089218024,10.2800920577283,10.2733114399616,10.1785347022207,10.1604387969869,10.1621377448347,10.1612881611933,10.1754891399837,10.1953392475688,10.176824715888,10.1769914775528,10.1838743726272,10.1852146998042,10.1794736446242
10.1855941087402,10.2234578567608,10.1594119545091,9.75334745109367,9.70617413769218,9.8193027393915,10.3657289266134,10.3907985398876,10.4549787940863,10.5217556195395,10.5286696512799,10.5391128191531,10.5360429773075,10.487130665197,10.2999332935894,10.3549723297694,10.3548409425194,10.1350733362634,10.1241242932571,10.106346077069,10.0728359120885,9.86499520413111,9.85353482888261,9.87165302574494,9.87544820492866,9.86283160659698,9.8645716814442,9.84956429135911,9.87160171313059,9.87283989262366
10.3368324436175,10.3937214816451,10.6156543849781,10.7467922941986,10.751034833171,10.7216485134673,10.5795615124822,10.780710301621,10.7522962047499,10.717687668978,10.7343380593669,10.7395685269287,10.7395502352634,10.765653459908,10.6499922210239,10.6205145445296,10.6184026743882,10.617857057977,10.6127285150904,10.5715166541486,10.5625035872728,10.5666520441848,10.6257542073927,10.6102353411008,10.6593582409883,10.6872548909644,10.6888614460772,10.6826068185198,10.6844430892353,10.6776395238813
10.1195237613794,10.2025688591732,10.2300380791365,10.3589479439197,10.4097752068934,10.4706535544747,10.4487220104377,10.5212274461923,10.4966924404562,10.5354602952732,10.5371763361387,10.5954477144191,10.5940876773688,10.6027477188081,10.4386811232593,10.4558246033198,10.4526687228686,10.2936134858559,10.2856918191675,10.2942574517508,10.2981360128928,10.293190898976,10.3138948834531,10.3187235328086,10.3220282409428,10.3151048339075,10.3154063605398,10.2956722681926,10.2661014603578,10.2659837764001
10.428349347956,10.5144443265129,10.4536381644946,10.2153438952062,10.2078356841678,10.24837646038,9.67742306869079,9.68711144876475,9.71506535949119,9.61190929350621,9.62552213162425,9.63548475305397,9.63719256397508,9.70208112013144,9.70681435545378,9.71622894156556,9.73052303053875,9.73088124894019,9.72998342642613,9.62901020488833,9.65038624688534,9.66451320697396,9.71739228540081,9.74730034255924,9.72341753653436,9.70502911903899,9.74452862585143,9.74941978299688,9.74820389243182,9.73493739122561
10.4043795667637,10.5404832982163,10.466916230961,10.147958022478,10.1076370095062,10.1825049243874,9.80085931527097,10.0168135752088,9.88939462605641,9.72048687149837,9.7218982408039,9.71243170222922,9.69893746296606,9.80053353112443,9.70074068451334,9.64102998263636,9.64695032450857,9.61971520712793,9.62054725568581,9.69853645490372,9.70026729250167,9.71121262952773,9.70321735731006,9.66222354030442,9.64292703898782,9.66201702045783,9.66282131073554,9.64070058220363,9.58276200228102,9.62093419756377
10.1531607597016,10.231975644613,10.5386578054688,10.6360858863843,10.6221997206207,10.6385150981905,10.2751603542441,10.4674062338238,10.4512211107812,10.4606721291841,10.4434032804971,10.3855485808876,10.3817713244383,10.466709652471,10.5010531817256,10.4758235140823,10.4850317373808,10.5445072201052,10.4938950607213,10.4234367093335,10.4202992008344,10.4898890854841,10.5270864265358,10.520532438219,10.5090343358522,10.5356240789887,10.5350863838104,10.490870614568,10.4287259865536,10.4285120865685
10.1509688518854,10.247198777528,10.2787128061623,10.2254262035879,10.2299718179022,10.5022177667267,10.3799526499007,10.3274577763413,10.2905778597546,10.3742725572213,10.3457325204777,10.3463788265104,10.3392481755686,10.3793868975475,10.5196280721348,10.5334775728106,10.5297691488719,10.4533648053092,10.4385129302631,10.5043166580887,10.502539468547,10.506491930452,10.6330916613745,10.6525644423912,10.6478900817345,10.6452676750453,10.6338946213931,10.6485570317994,10.6715432244636,10.670449129212
10.1769050455619,9.78800326892958,9.97212607103061,9.81884396480986,9.80629146355243,10.0574373851988,10.2261337633797,10.2452116418627,10.1415364311992,10.1028569446213,10.1046110825705,10.1076076254735,10.1220328220224,10.0957983024512,10.0725346589531,10.1263145543637,10.1274345750525,10.2394973172814,10.217889907201,10.1830791945405,10.1098694640892,10.1309981824552,10.2287600323007,10.2500654132343,10.2521646383338,10.2812357487497,10.3153634327891,10.3107557548612,10.3114987670635,10.3100119378733
10.3366344053478,10.1989263541433,10.3711952024689,10.3190690748028,10.3524588383184,10.4406029880539,10.6897365547813,10.7275535015071,10.8317847932109,10.874767934061,10.8299187578249,10.818398204678,10.8288730608763,10.8539004068039,10.8880263706478,10.8930477635619,10.9343096508047,10.8628897729348,10.8665947343377,10.8993076856111,10.9279678659467,10.9348425920071,10.9331075169113,10.9841553097603,10.9837288955632,10.9837563421354,10.992237138271,10.9955153564573,11.0321525012894,11.0285898870206
10.1947244347111,9.69682104118241,10.0434048196759,9.91552378671458,9.91379155777028,10.0122467544802,9.8683305494058,9.9176553420444,9.94825396935026,9.89958679117972,9.89450321171333,9.90079002768513,9.88336297187523,9.97405826133508,10.021895048603,10.0244820612349,10.0010103282618,10.0745422663762,10.0830242576102,10.1263885170757,10.1467584984277,10.1721567451881,10.1703948848048,10.0977098111515,10.0473788874101,10.0546426281292,10.0543247903327,10.0383466668003,10.0212984895036,10.0290731671718
10.1398061159027,9.97910611453686,10.3043953544295,10.1915509183887,10.2476084370191,10.2783402476717,10.4427284509127,10.6263703399548,10.5681576290083,10.4918380220371,10.5019151972635,10.5245117613864,10.5440206612912,10.5670765559049,10.5329609609535,10.5252490171062,10.5091573739198,10.4839550327599,10.4445914736563,10.4903819424152,10.5094270463565,10.4930000618233,10.473352561473,10.4771111100951,10.4921418436401,10.4939568010046,10.4938218776122,10.4986178781518,10.5501061880028,10.531128930121
10.1509234316503,10.0044875219814,10.3598420495008,10.209747515148,10.2362749066971,10.3317744737924,10.3248226218258,10.1927814350509,10.204576143441,10.1636330044698,10.1512771189486,10.1568272770668,10.15311873924,10.1868974358882,10.2763516004039,10.2886216524034,10.2944378088573,10.3195319820616,10.3032681571332,10.3033979030052,10.283395916291,10.3155487360611,10.4099555232879,10.3608493477885,10.3474190769187,10.2973225530983,10.2333008945958,10.2414988089465,10.2765608873128,10.2749051161297
10.1848077553052,9.97928614340788,10.139847660393,10.0077515138005,10.0153113779134,10.0886257199011,10.3600798979477,10.7432634580468,10.7874675958636,10.7994182586355,10.8065191614389,10.7909299038143,10.8049919577913,10.75834309488,10.7977069769853,10.6725636897467,10.6696391750203,10.6753276610514,10.7473062697449,10.6836126310787,10.7132448336302,10.7471787005792,10.6699097246026,10.6783104040126,10.679238217397,10.6748656498843,10.6738500776206,10.6496523166391,10.6388017428724,10.6242162812196
