0.425323389820306,0.493309222166746,3.16088463195102,4.06819341643767,4.27736608919993,4.35907549817826,4.50369164277359,4.85293760133791,5.03951039302027,5.28426910212492,6.95663470685006,7.47416588609691,10.0336398787885,10.3983347186144,10.5185280769356,11.6214653272659,12.6638568247698,17.6267243043628,17.918293832099,20.0546884457091,20.4654853623509,20.4983689495512,20.7147928294862,25.1050061208976,25.5258444605794,26.3815323573129,27.3373983874155,27.3407766355026,29.7466843721227,30.100268358321
0.487129698944017,1.15349420784877,3.80324016319543,3.80333861324558,4.15578015301562,4.21522927538036,4.3852912369928,5.54627960579363,6.64163997982503,6.90506994060818,9.42620043195796,10.1472823597028,11.9404988029357,12.0360251740402,12.0513399763044,12.1534632605004,12.8089165935449,13.6113785888645,13.9550738594821,13.9632015945126,15.5062686277899,15.8103537418299,16.1815189514836,18.1499476864107,18.181135548946,18.5173257328219,21.8922580653815,22.5214103819656,24.1038012958998,24.1212613697679
0.504617448652986,0.508320784429691,0.926292516531491,1.6199451394423,1.67690447483885,2.78904057457588,3.20265379324798,3.55705863059233,5.61412987646675,8.13835810884994,10.038991738938,10.7786194842819,11.1233263042158,11.5356993368955,11.6352254842626,11.7578414664234,11.7581212723858,13.3717857571769,13.5003373526684,13.5158468435713,13.5235433194175,13.5702047745487,14.4855198959337,14.6566165611851,15.4325207722284,18.0864981116882,20.6947401316298,21.0508084816087,21.3696495195684,22.4922158614689
1.38480329186489,1.65405572739619,2.0329971179031,2.54266306199008,2.85395987033363,3.3011645068148,3.34203693458906,5.29596253005383,6.01314809002271,7.26989913103632,8.09277340043073,8.09399552278976,10.7232565323537,10.9228605068014,11.2029955875665,11.5196648447365,11.8124647757869,19.0308393669733,19.2919048774123,20.2303601805481,26.0676706349527,26.3096755458205,28.8676003686213,28.8687983279965,29.1230622204585,31.5484925309988,32.5945996307112,35.0041255061848,35.8959847205454,39.5409051828323
0.71079376351966,1.200973329914,1.67721219245262,1.71746599768167,2.18267288051072,2.20275588256141,2.22904944516547,2.51370710708515,2.71806601888311,2.7514481745713,2.92860741112414,3.50460675881856,3.57948031149637,4.0026136147231,4.03146604143952,5.82890502414268,5.87864340308183,5.96498862583755,5.97902689726989,6.1605141145282,6.90519486092554,6.92044620532573,7.14811358911684,7.85865113712483,7.98360773614772,10.2379891553922,10.4162980192198,11.1122783546052,11.1801552347538,11.2936581608548
0.403194733287495,1.94016455589237,2.09468237096941,2.33401978341987,2.34903066221881,2.42776630167287,4.66805953976565,6.91568124731729,7.0798367002026,7.26636353715603,8.58701581942631,8.75675246323117,9.52776210733504,11.0821323858904,11.4685489434047,12.1563463976561,15.0185397744293,16.4563332845483,17.042085922957,17.0709595245874,17.1837707492516,19.0419135163386,19.6152159998896,21.8192410002486,22.157947596752,23.0323136635865,27.5694883504193,27.5845429282459,27.6197356282716,27.6825532268213
0.0346249225397025,0.939924829998144,1.14874079230416,1.2034755822542,1.46497908223638,2.09415989176544,2.12328228444722,2.48465206035068,5.30081589105897,5.59331030231269,5.77224206945305,5.88393259040384,8.22341134093418,11.5638662504863,11.5664027282663,11.5664638682973,12.5206267278586,14.6486180256694,14.6699837056355,15.797108249109,24.1668612905125,25.1672143454592,26.0325995945615,26.037382896044,26.3332576441395,28.4506903729564,32.1780021259521,33.9430399508885,33.9474866207002,34.1848895042604
0.602859726607427,1.30871949364573,1.99781718508435,2.21589510050531,2.22893687135211,2.23831232424659,2.8649260164588,4.78392580224028,5.86956589116012,5.96545166072803,6.78156745825735,7.76456441549375,7.76456462837201,7.92214928271841,8.08006202307126,8.27938029015108,9.624622671362,10.127600212138,10.2935918571768,10.9392128019055,11.7527060109842,13.6149337385762,13.665163986137,13.6943199026033,14.4243208699106,14.5686145660079,15.2448661780237,17.5672264839117,17.5723658528768,18.9318867711551
0.0130682700953645,0.0855426201260688,1.85972770003481,1.86368068488518,3.6226104190119,3.62481435170034,5.12232325702786,5.12240167508051,12.4788125195228,12.6733553465151,12.6823532912471,12.828976429047,16.8450325342934,16.8608616719607,19.8397748867407,19.9115526706158,20.361386882976,21.3088340252545,21.9640525129487,23.6188529091822,23.6695989233247,25.1368747660339,25.1641876587459,25.3059283933852,25.8356586328523,27.6002995683879,27.6003010886459,27.6003414722398,28.1292395547631,29.0189558672972
0.264719075362638,0.57068728830275,0.836721117720469,1.28352242369025,1.31403247454589,1.32760535084403,1.32810901882732,4.84980071201787,7.01967206117384,7.12289872548164,8.68666514826903,11.3788382775541,11.5025513905378,12.4217902365099,12.4219192048534,13.2282513976336,13.489304194224,14.7175782957844,15.2954953302554,17.6176176856426,17.6365588235133,22.2314071136534,23.2945446582228,25.1276592865186,25.4805200405204,25.4881923307324,26.8336691172246,26.8574848996392,27.3702138921384,27.4240374984104
3.62543465681649,4.35222214277776,4.3592118004351,4.98134948541395,5.16144967695781,5.97668976012457,6.31832330310464,6.73125677455105,6.79307014124757,6.93123217767805,10.4133969482961,10.5693819149279,14.9223724853985,17.2785579755152,18.1913957509429,18.7343628507871,20.2449329824752,20.2488042439907,24.723137323139,25.9510746777016,26.005588665413,26.3192456357443,31.1944766897334,33.7558466746322,34.2761625190158,37.8701407403338,37.9914164066161,39.7488296536154,40.5420174845278,40.581194638459
0.846132413629858,1.32164657195267,1.34703233858775,2.62780598524995,3.57973634964232,3.58497325608766,7.39841036328101,10.5557545757464,10.6063642683542,11.3692576961467,12.1741949464658,12.1744878183908,18.3884691765336,18.3983648360144,18.5734139485283,18.701525970909,18.7338126748114,19.0698158941168,19.1169228692872,19.4702543941489,19.9757135493696,20.3047145578665,26.1583627536125,26.1992052493167,27.8253684797224,27.9250104504809,28.1399866298131,28.8397221856764,34.4244021953201,36.6630761050649
0.976500708271975,1.14248552024676,1.31143759787999,4.47973899590153,5.30943447402894,5.97576208226243,7.73031903069881,7.73361975256889,7.81664597416174,11.6007841918433,11.9378460697523,13.1482929256963,17.9563535778753,17.9725904446548,18.947586167406,21.0654691362786,22.5033614380841,22.7487698622113,22.9383261960421,23.8309760903609,24.1843230291144,24.1869103795826,24.3978643063685,24.5086113878376,24.5850321863565,25.1105437728609,28.0984477582936,31.3703374362316,32.063627372669,32.0957684600911
0.0894744302975746,0.466343516842679,0.628150794658735,7.6486952236285,7.87834366728482,7.90684610189825,11.7346954607629,12.0385861642203,12.4895142566241,14.190969533085,15.2545411920138,16.6370316770771,18.2205240595472,18.2514413253434,19.5398390214893,22.2025655808985,23.6703109300999,25.9615565081355,26.2731072049439,26.3036134815039,27.495042644831,27.6801825114522,29.930241937788,31.0257961820753,33.6596149907299,35.0359502051027,35.3177230177999,36.3778013640152,38.3093207650289,39.8005591116729
1.24766907182431,2.87824746748029,3.89852875518376,3.96245009725407,4.02456633666256,4.04656733984663,4.15387989456599,4.96730362356848,6.06682999223042,9.81544153205118,15.6573258726159,15.9313090615037,18.1986463919342,19.1586365504,20.5824854694332,21.5587423520905,21.5690796835796,21.8396114241109,21.9520442916215,22.8020672604082,24.6836446957778,24.948225323955,25.072382941189,26.3486259789085,26.8484227860179,28.7500015817581,35.2216981313436,35.6335606191338,36.5155013157199,36.9920563695337
1.36384951969257,3.88658847757138,3.95248418910773,3.98203440660958,4.09319935252869,4.14569473224722,4.50207370171248,10.694358731062,10.7366652832599,12.3871304509776,12.520025731005,12.6443761285917,12.9584577004242,12.9607561008526,12.9625403562053,13.0439845024822,13.8313256097901,13.8900904222922,14.5050436633852,14.7732464172672,14.9211855805448,16.8324754460346,18.2612149915431,19.154252826555,20.0072889601308,20.908289564834,21.788849391072,21.8392696993107,22.1733463565196,22.1901962405237
0.477717098730597,0.480596713407716,0.591639929585062,0.604642611961879,0.651568232392664,1.45120277406121,1.46444064245671,1.85726428266064,3.15077089774741,4.7813260034278,4.96609686164178,5.02853931598807,6.46559294331993,6.48116750600183,7.12469644072213,7.38141619064857,7.40940591266703,7.47097477501426,7.49299166344125,7.56934054317831,8.98005190228639,8.98548300415571,14.8374285747426,15.5665085057379,15.7476079482489,16.0450338040306,18.0260615811677,18.8645966657852,18.906356981571,19.6186873456571
0.932351173971679,0.987795755147426,1.26104730941668,2.74900240562788,2.86397089618744,5.88238424068779,7.23094906823227,7.28944574691957,7.29454907453578,7.29707856777449,7.38681625503155,9.93460359616583,12.8525035045897,13.0331726333899,13.8346997100424,15.5790920091635,17.478491311343,17.4786461814127,17.6927215958808,17.9561707893868,20.3166891871064,20.6365238234675,21.033954950025,21.6179307413736,24.5209144181178,24.5366082690247,24.7125433385613,24.7810439027488,27.424372337204,27.5209545500407
1.23033131825201,1.3390599009789,1.59458333813284,1.60177221490282,1.6493424388081,3.62527433676088,3.7318081715494,9.61146084285257,9.94770741194318,10.4072764651301,10.5340706362056,10.5893314425544,13.7129653479947,13.7522489927976,14.6997054781835,14.8275281121257,16.5306082085734,21.3267517083062,21.3290578354841,21.4782722017636,22.2301331622521,22.601195838213,28.9873450590738,30.5475844020981,31.3224995066579,35.534042613967,39.9865919386849,46.146801641333,46.152357796684,49.2702018298515
0.536253320923493,1.01518472925611,1.0857016763069,1.37817410229552,1.50944259116239,2.50907817122834,2.87476236431657,3.10986001972079,3.8701034990083,4.50890469846686,6.91858399482251,7.98589337790915,8.29500314909791,9.52297911284312,10.5403488903501,11.1621444343753,11.1887698952239,11.213562694402,13.2126944430862,13.5632413577837,13.5661458119949,14.3104998804675,14.3445088172143,15.3393235349114,15.515351934531,15.7074772207635,15.7131068650807,15.7901417603859,16.8891010318838,18.0195940721289
0.113413867023452,0.174621992703908,2.97451767843818,2.98284728677584,3.33994356177625,5.42893400573215,5.74167779668474,5.99599328810002,6.16831508066095,6.17477724709991,6.89550221353258,7.02476230252674,9.23750458983338,10.8442379974207,10.9495824584044,11.0121906849157,11.2972662087465,11.5818748401653,11.5819713031888,13.0526516110962,13.1095755233757,14.5961391373017,15.2085058682266,22.3672886455597,22.3798939955963,23.3852042583762,28.1000740870561,30.6758070600195,31.6940447853503,32.1953277436477
0.500215268075496,2.35310324804769,2.93165772293703,3.99333767390343,4.34324818272,4.96605217418958,7.44668781281054,7.59956290765554,8.19656269014013,8.84111500509584,9.63720294678532,10.5230749207287,10.6967155117668,11.7131715856256,11.7266349463527,12.103935099424,12.368494141918,12.5856854349292,12.6103978490486,13.3560650867614,14.1224789518376,14.2239436121116,23.7423875575903,24.1041114006919,25.3095636986287,26.7800761808766,27.4851299500162,28.6801727137081,38.667317980955,39.1344859829683
0.480785497918379,0.537056758319234,1.2174465407437,1.54824687490663,2.03804152651424,2.03809618295268,3.61604047005415,3.80557432301505,7.84843012422189,8.53400816098449,8.54216433032297,8.5456824974919,13.5090404328832,14.8950363786768,15.0192668297631,16.7660825850505,17.4756038927776,19.2385559477742,20.6855119523043,21.522616636764,23.7131724811424,23.7139502608459,28.9853820400565,29.04440935455,30.3309390383884,32.2658582476286,32.2803659705862,32.2910994947939,38.9158738247022,41.8837284835502
0.107232243201259,0.15185219956134,0.842885334960306,1.40554540181926,1.77006213086857,2.14553274781501,3.03020589446812,4.01466469822393,7.70372560450885,7.7417924705964,7.79774620764932,8.7111598533916,8.78842339759765,8.79076599854602,8.93213257731542,9.18634655075314,9.20827434186234,11.1181158540417,11.2227038125769,13.7843594133901,18.3846633320279,20.0452762109932,20.285523208281,20.5965548107649,29.8698014708529,29.908737331972,35.4180772791212,35.7513649891467,36.9059039982141,36.9114984356892
0.911482154961581,1.19068138840519,1.29189232635183,1.35193663285131,4.56791751142439,5.41460091003656,6.54793150751798,8.25013230372767,9.40823402484109,9.43277675239224,9.72040542427145,12.2326463298201,12.2488577515892,12.4221222034995,12.4227560150402,12.5441171620768,14.2600808592235,14.8800176303109,15.4921675268382,18.3188128676999,27.5592168435924,31.1476535441621,31.9591480038444,31.9708728582277,31.9849709392664,32.0133278066166,39.3947185725621,39.4019294121168,41.8196369033811,42.4420340875111
0.209126010396602,0.414958030740192,0.461314497185353,0.498049067717836,0.691012223909173,2.43629173741853,2.45008817636864,5.6914989949087,6.07780857909505,6.43066132293533,6.6254707630658,6.82271011027164,12.4694542171938,14.5131852442246,14.5369782268133,14.544428398175,14.698402031433,14.957038604729,15.3711869494825,15.3855888224764,20.211513551328,21.0793239036149,25.6967983750728,25.7297805358957,29.1322956681072,29.3613605856464,29.710450012534,30.8210796379914,34.8872914502238,35.5745515545322
1.43402401282523,3.04168513740989,7.6758049779379,7.67697169120749,7.69060821529844,9.05362955913208,9.45184446132945,14.8014353569324,14.9858951579398,15.906622373352,17.2721639462484,19.2864050570975,20.034613486228,20.5807144100734,20.8788300051158,25.1150761497497,26.4900619791344,30.1282069018717,30.3504203798873,31.918089477578,32.0570622747226,32.310691722319,32.3901060210671,32.8514193819128,35.3356301279052,36.0835261840541,37.7404511829392,38.0494636519107,38.138236401833,39.8533649748881
0.593399088992168,2.10146719349452,3.86837426307032,5.04588376783465,5.4209718920404,7.00137859065648,7.96750808431734,7.98128103209283,8.13627233226233,10.0793797178461,10.1407279906637,10.5198660151214,11.1722052104381,13.4451093652419,13.5957412377242,14.2765654530839,18.6795045074346,22.0420485712242,22.5974125858913,25.7810051636668,26.5263383972752,27.0904747557854,27.1214755463612,32.956791103821,32.9928558952128,33.5244663058731,33.5253747910293,33.7549065876948,33.8496045663676,34.4623612450696
0.965870521250641,1.2524582004563,4.40845323963085,4.40863836194673,6.96124651398422,8.06464495894299,8.28600800621096,8.62642019387633,9.04243638935271,9.04273102048444,9.04273146039994,9.04826028355689,11.2592729540988,11.6756059212456,11.9324640689897,14.7822731928573,18.8585243776548,20.1576984867191,20.7989635855715,21.1729267353475,24.6419367648204,25.6582720247555,32.3152155984966,33.9223956383537,36.2087446461074,36.6710569453872,40.8855794431119,42.0521139925889,44.8543989289878,45.993939274447
1.19029441551639,1.1928148093946,3.05355615977983,3.35010826184956,3.3635411675453,5.07671430478824,9.23897252914884,10.1272585646345,13.022636067172,13.2863185888727,13.3364173501634,13.3527531739932,16.6080378172145,17.3894977570362,18.3123110217314,18.8133014894474,22.8353605698887,23.3264322124787,23.3538147853807,23.8108104307754,26.6465321889288,27.500533805919,27.5363539321636,28.0703946344635,28.5639614799978,29.9942943803076,30.9930629371565,33.5566151581023,34.1150499196929,35.6943050616214
0.764170642025947,0.765170283339327,2.9408109570123,3.45337080161312,4.93804292505038,6.72960289557857,6.7782900352335,8.74339875927628,8.97327820873953,10.5352279597318,13.6444214064036,15.5843398453623,15.7022695241491,15.9324100526946,15.9675253874022,16.123335275736,16.1577154668774,16.1871478179823,16.8464819898716,17.7347610995854,18.6752814308905,19.0966823262422,20.7820045087436,20.8834996249326,21.6879830669482,22.1608225472088,22.6924184702802,22.7044627101192,30.3051058991074,30.3111404514955
0.176608326852755,0.457917776533849,1.83689674129296,3.35672876557847,6.56592715503945,15.522733788897,15.5316041110047,23.3337208757944,29.9474674349972,30.0261595753849,38.8827540752939,44.1739705353215,48.5638158176559,59.21204038088,60.5909396288576,60.8017236833154,70.6647914719702,71.0995804615204,71.8337140801778,74.0862093256012,74.256141430012,75.9674810332202,88.9512268841561,90.2320051793903,90.9542890505289,93.5992327013259,93.6138217594352,94.0363408841127,99.0406140854742,101.452058916175
0.166381164410151,0.401601534978733,3.79960994557878,3.80197369470443,3.85247561825684,6.02504824684047,6.06043042325701,6.48989919860527,6.87330824285813,8.04211707616134,8.22943349594791,10.5252128332802,10.6099902674366,10.9492011054064,12.4762084536938,13.06486450893,13.2133550249746,13.302599505907,15.4966976357209,15.63791136349,15.713317536371,16.3249723474886,16.3296071699109,16.3535557345364,16.415205837528,16.6059928979549,16.6087301558493,21.3263350883583,21.565470680394,24.9345314416688
0.554566302888977,0.616708911587573,7.22992657882043,9.33509566533056,9.44768029016987,10.1552758583697,10.6877194011911,10.7068602527129,11.2694310468615,12.4123473165122,16.2521457033058,16.3361116504294,18.1734739618322,18.8280356379231,19.3482333181141,21.1884772990813,21.7989225453595,23.5245047688719,23.5630843697302,26.6666827312255,26.9864519157308,26.9937965140766,27.2594972101348,27.3575592894595,27.5061380834691,27.7569202930252,27.8025343148394,29.5603356836785,32.3825668158541,34.7488643044813
0.632952458048188,1.72492313282687,2.66370384505298,3.83639816331729,3.92648244107628,4.11557676575997,4.11910148401138,4.61283906476197,5.10246968113933,7.23523063821616,7.69767113867025,8.02111628615898,13.8074554267105,14.159375171966,14.7730234932366,14.8314562853812,14.8632812683055,16.5972586567862,17.5487859570686,18.242141335829,19.9732270735394,19.9950664073931,21.072142176372,23.3070780862744,23.6673816143486,24.2074385544853,25.3965601417444,25.5037750258482,33.3707151811961,34.7223271138317
0.891063055332959,1.67977945442779,4.94279988484101,4.99657008693313,5.01806143834686,5.13604902440433,5.4511440149801,5.49228097692226,5.6379514616991,6.7192483836965,7.3475303749822,8.34002710779185,8.5016041731244,9.78856460755445,10.0551212135477,10.0584999308794,10.375379666147,10.6993366599173,11.937306423702,11.9816293327307,12.5680813821365,12.5687418985516,12.7379488622555,13.7733784644518,13.8195582713107,14.6713026469698,14.9777761870719,17.5638608894207,17.6815899512205,18.4481542160422
0.847895401677389,0.921897337270988,4.08256854967382,4.10491101695797,5.65696178873797,5.67902330061473,5.6922809673651,5.7877282696472,6.09268247274609,6.20022315477697,6.22817848072735,6.79667797583688,7.79497381274638,8.67680680923413,9.80831256006243,10.6339416218846,12.2553181772893,14.8245807083217,15.3248564140297,15.3252715316822,16.9858215793216,17.8152526882251,18.8639044036936,18.8754561313669,20.5730162550194,20.977239509323,20.9796104444643,23.6899460174385,24.6095077900169,26.1679255607275
1.16034936789559,1.38274765581433,1.50091492865915,2.16185645812147,2.62660105418143,3.08380909682676,4.05657144853245,4.1133936619791,4.30531210682811,4.59485895643256,7.5532783828806,8.66430213815952,9.07676747130728,10.0979133344618,10.4040024139185,13.2484975009618,13.4434806280149,13.4443907833227,13.8472906647816,13.8509030564026,13.873422197595,14.3743107107192,14.420395918364,15.150716504273,15.4818606303747,16.3456050543221,16.8109700384511,17.1606501097426,17.4133056126679,17.5560547282569
1.05409867749995,1.16140561340472,1.29012614547455,1.50638624542187,2.47159298838455,2.55778556186697,5.36383626626199,5.55695607020274,5.74265613346443,5.74486300632068,10.9460108812703,11.1782211586972,12.2625299703505,12.2894724081784,13.6910501313497,13.6991013284053,14.2061777434576,15.6087607352626,19.7682104825985,20.377876994908,24.1076319775589,24.2203002942802,24.9545099545009,25.4545774782787,25.454682737935,25.6128079816603,28.7644601962443,29.47960869905,29.6083522336498,29.6163480016191
2.73257410957678,2.7326139071281,2.98534769030284,3.46790639152334,6.36805750058463,6.44600126824881,6.61147544607089,9.1119510417155,9.11318694224646,11.0156277298706,11.5502805765695,11.8579715793038,12.5507909813415,12.6029544059972,13.2543126410976,17.9710892717598,18.6659885199984,18.6822607018866,18.7578888182173,18.7680579945286,18.979394182273,19.6174337594692,21.4541660761297,22.790573572655,24.5549168051277,24.8733801015265,24.9392421729023,26.0597283489604,27.6846451754417,28.378038231849
2.22524109261699,2.95489589533515,2.95657887093232,3.92648414064804,3.94991823332242,4.0708387269413,4.47518535608112,6.23391735864337,6.4639056871825,6.48614554063816,7.03216116137376,7.54092565139741,11.5030833141743,11.6322807644669,12.2672700425267,12.3188027193389,13.4459026667532,13.8223059778269,14.3298433192975,14.5755959360038,16.3840946980067,16.4449158025512,19.2744579425917,20.1831666081884,20.2229585028562,20.7319157761943,20.7343484266876,20.739271781535,20.8336480427836,20.9166047260495
0.83547559781574,1.78734476099183,2.42139817590754,2.64526433869254,3.35514919246618,3.69581162424407,4.3245178507186,6.13159158273232,8.70769984282784,8.73426742404561,10.0138672045706,10.5833052880562,12.7476660971772,16.5979189361194,17.0609215892985,20.9017063420083,23.5163118055383,24.4987994879319,25.050181818777,25.5052169051831,30.3424992825749,31.0731604345069,31.5829086278614,32.0241651351515,36.6945495196145,39.2315279038515,39.3826767347367,39.8695196051239,40.0143926319299,40.3601625461471
1.70771073828359,1.85489747285412,5.53404449968107,7.04824604112788,7.12023776627597,7.68935433189092,8.06618632450297,8.08882296162339,10.8608005069071,10.8728322292449,12.3952489226624,13.3792639059266,13.4252889052734,13.9675140247508,17.4833594183747,17.4869271617105,17.498728796933,17.4987290099008,17.8561323117987,17.8591753426552,18.095028381625,18.3925098085704,18.5569583732007,19.3436132096759,20.6373915582224,20.8364532064332,23.574162777392,25.293729699692,26.773815746879,26.933681896125
0.263385233690854,0.677402816005031,0.997929100819489,2.51728638275619,2.91857340995895,3.11487358311874,3.12118745527209,3.43082640370022,4.00538567474034,4.21458344871949,5.76053892025269,5.79865483747959,7.5580291549735,7.89089783505459,7.92098360166307,8.09085859037219,9.72968895044875,9.7502563314053,9.99918855338838,10.160874944901,13.6137445153564,14.5236580480872,18.5113085803732,18.5218489525802,19.7765807959393,19.7913963796923,19.8736696895,20.6139155054287,20.7660161634674,21.3689371660461
0.533157273988662,0.535281039658973,1.57657784961132,1.71918032447005,2.67563140430771,2.7587660658682,3.05980927764805,3.28818859274111,3.5315469726793,3.55864352559673,6.65594970137193,8.1349258141876,8.17686736447256,9.43609340515599,10.4777660410668,10.6143022577839,11.5753482367322,12.7135547549431,13.9044816494952,13.9625922374504,14.0731683691792,16.4860268185611,17.5626380543259,17.5935538938548,19.5227343800978,23.5327876795827,23.9050583345943,27.9978771577952,29.8939246443753,33.016366752999
0.0243556625171001,0.166486753391803,0.177647641330449,3.1976265021259,3.19767485257402,19.0040535210962,20.4234280965927,20.7283065293679,24.1260979256131,24.6242332707063,25.5707232271289,29.9946102701908,32.4495255491745,39.1661131102506,39.1921043995675,46.5151594324445,46.5632134479921,50.1939966541434,50.1965489030834,50.2262028631876,52.7248571345717,52.8182029850885,63.3205260270578,63.8547780079759,63.8550225866627,68.9030175991044,77.1764751181447,77.1818032319708,77.231068376315,77.2317566133584
0.00190742599396618,0.536317833269462,0.644243341587311,4.76383589429875,4.83773126426325,14.9547533051443,15.0713563213099,15.1760413535989,22.5924677675529,23.8380875453698,25.3937514492815,27.137317839913,33.5262649691494,36.4671970005676,37.9688922617406,42.8739817455135,42.9565709361065,42.9587191301436,42.9742849708377,43.4454352367845,44.9106923340812,46.1007832915444,46.7831815620101,47.1746205285537,47.5275648593497,47.7913612260946,49.4069502290157,60.8179169909878,62.9847864021305,63.4839457565165
0.0596463621089026,0.742413418140499,0.910213914615425,0.918390819797502,0.950683067628327,3.02476941352169,3.55477442784011,3.90310534278709,3.98226978753948,4.04579448525454,4.04894057411469,5.46971148576877,5.81395126050159,7.51173618458532,7.51254150747787,7.68671926204043,7.70223541361674,7.70918122061569,8.84609663283534,9.98920907729551,13.4176680942301,13.605781856025,13.6934186720991,13.9731676554383,17.1803165502629,23.7224023139377,24.9815205754763,25.1289719494131,25.1489789543134,25.3410825164497
0.0896805636619888,0.858528450473213,1.33515067506852,1.33866263487962,1.4983355520506,2.48759969892715,2.48775219515337,3.19326761490893,3.28733270548426,3.47103844781348,4.1979956482522,5.13722285996112,6.41356807730265,9.08949963651084,9.4300947555351,9.95699656562898,10.6657849620664,10.6657916463752,11.0545045315283,11.2499255141579,15.0212663351101,17.7526224157385,18.6093716964335,18.9173852600214,19.8286136666857,20.7500378770316,21.2306399612372,21.3665572003911,29.4856679650982,29.4865278768612
0.0420029911507931,0.245616857298561,0.265662885794989,0.265944465654069,0.371758653648345,0.480309842973728,0.752962048851613,0.932177133939496,1.3801890085206,1.40033341993028,5.15547609771633,5.18111067461872,5.87754640964333,5.99251971184171,6.13306026071057,7.91713940138056,10.3698432562713,10.3766376780389,10.6879290882406,10.8265630779034,15.7223473321843,18.3201824576248,18.448719684192,19.8361469722982,22.2950438066545,23.2690787038188,35.2483014908989,36.3598674564822,36.3613535650988,36.4493480230757
0.001730385436978,0.00173124724271473,0.705764232154647,0.91043172815205,1.97815792462583,6.44730691291371,7.1185675516532,7.77901810903845,9.12292131196853,9.39110642115989,9.55923898017498,9.61502366280101,9.61590853232044,11.1541688693694,11.3517617577545,11.3562437225777,11.392125881485,11.3967978426736,11.478605584038,11.6457570614288,11.7850751543283,12.2703344052845,12.2805552486898,13.059681816583,13.5665206217665,15.6264882572301,17.427046197667,17.5258268488714,17.5401258590105,17.7849749071306
0.0117833439039868,0.0133368368678987,0.859986203483093,0.915184396382692,1.77683301442613,2.2156324240105,2.22387915890325,2.24085239651841,2.25851645413669,2.85789937523817,3.05274925419395,3.08642040752272,4.03392904656121,4.04590031408148,4.57620049267541,7.0186236945504,7.03571437378691,8.82968903724124,9.34963498782103,9.59800639404465,11.1400797942161,11.4152842684198,14.6348114280909,17.4284903391852,17.6454552771257,19.6622354140514,19.7558149170798,20.421877811893,20.4375195742876,20.4755235303557
0.252633099051833,1.02858035471035,1.13290607474065,1.23096343505851,1.43139715432062,1.63640968734361,1.75816219755218,2.47348912314902,2.92731412530016,2.92896278444905,3.31274745838797,3.53853834769952,3.75170706815375,5.28270080842779,5.38872695952345,8.38540756375001,9.93810353901235,11.49862013154,14.9715549498616,14.985200873206,15.5983825723018,15.5986693183939,15.9882406679002,16.5189152008712,17.0802159174049,18.1932941462967,19.1682076731959,19.1770432646803,23.1271725134309,23.1278248847829
1.44025112865806,2.70610957372248,8.97375577204514,9.65665462999893,9.68590989516774,10.6472840229788,12.3813039094876,12.7881263387591,13.4716425188534,13.4903833652962,18.3729595160017,19.0313352515054,19.9805822598452,23.2567868047552,24.5635619263555,26.0457893787557,26.1064429001821,27.6587813813047,30.6494227287969,31.2959012741018,32.5207172663271,39.8261071189595,40.3116213509075,49.9798123434066,49.9799828719836,50.1060715688798,50.5386413802608,52.1753977558859,54.1725176665269,54.3266426219832
1.80347344110232,1.81033529875007,9.65014344960869,10.3828830404717,10.4344284355759,13.3484346356576,13.6117717300399,14.1132936751908,14.2494690448662,14.4854606703342,16.9218459687317,17.1255624399047,20.4400544090871,20.4751529267137,20.5555794862329,30.8170241046857,35.2884306215804,35.9660762574224,36.3239085640814,43.5910954071803,43.9569975968364,44.2210393695637,47.8368816226528,47.9185934621877,52.2853820022608,52.9814010003677,52.9822147950334,58.6345546711152,61.0131374066137,61.014029924644
1.73709510761025,1.86768914224076,2.04266652669675,2.8663938669912,3.25477141902298,3.63287878541986,7.94002763655742,11.5072773860124,12.3609591746448,12.7272776514052,16.6945616818816,16.8182918848085,19.041146565138,19.1677633736926,20.9516826279787,21.0212259224876,21.6072560287457,26.3496258933616,26.8287217094305,26.8311530937164,27.0003305954703,28.9103475514362,29.0419510395112,29.8899446633704,29.9585413361597,31.8268669462326,34.354667560557,34.4397492760948,34.6101061727565,35.4342260156878
0.487387765450056,0.811840993597952,3.24232257451269,4.972822297999,4.97852840580586,6.84860399762071,8.09410505688546,18.2823622367938,20.2680114968711,20.4727746777863,20.4895737309728,22.1667726008596,22.2019583526322,22.2279480740094,22.2306576369738,22.2351115162276,25.4265601307955,26.661151705271,26.6927391429405,26.7669944221826,28.0589385135596,30.8036234371058,31.7295607624279,31.9110027837824,32.0561148338517,32.539153698534,33.1451946758812,33.6683972793606,33.7117857209124,33.714141985916
0.062674766835659,0.0666136660379668,0.0793896421263597,0.343605761432662,1.24335747029661,1.53444216208447,1.57295451181892,1.94196149842297,4.50789935586204,4.77948113182527,4.91202250415917,5.21307069731774,6.38258512063058,8.25231133899914,10.6961429502775,12.455454044072,12.9455735319463,12.9887419029042,14.9020167427247,15.7460919843061,16.5939385229095,16.6584285311937,20.4212487233082,20.7611752577472,21.2386872097104,21.5955371734573,22.3389769552392,23.279059113864,23.4316340618845,25.1110836911383
0.00966288831513618,0.317429861444224,0.474164650619415,1.4198722643404,4.57412146160003,4.6700958696221,5.09193626630542,5.36604016176743,5.45086695635375,5.45506855718585,5.67726089260161,5.71039652428944,5.74758845358286,7.51425966054794,7.93675734490908,8.1892292263986,9.86362224578503,11.2844344599394,12.4671635823097,12.8282520628301,14.3522698602947,14.5549499269081,15.7708686386434,16.4739204253351,19.7568501407662,22.1509950380049,22.1613555584915,22.1732623577684,23.5671681124923,24.0385065615073
0.0524005939200978,0.0978698414268428,2.26471221597113,4.80032579993893,7.68526368677901,9.02756598740588,10.3095320436131,11.1732744275355,11.3153593323714,11.360371054732,13.2200624422712,13.6057808701011,14.2348104866071,16.8767155463379,19.7648985453277,19.9595727004377,22.5702804994021,26.2856217945942,26.6978413367931,30.6318635950685,35.4625944272797,35.4762198787293,36.1786221566107,36.1855565399634,36.241161618861,36.4527601303797,36.4690826851124,43.0183574329499,43.1546323925352,43.1848752773711
0.684349346294694,2.2633381726181,4.55868233404369,6.53616515239794,6.8611339496914,7.17007406167266,9.2460533509204,9.6461707884185,10.2280060708542,10.4435829222552,12.6530342206835,12.771510967569,12.8046574213092,13.8848527668848,18.4322050249864,18.4343615396508,18.5589030975429,18.6435678737085,20.7558856868363,21.7647112325876,22.2707405089938,22.3996849432256,23.1100612396323,23.1240815857365,23.2775398262125,23.3796744940088,24.3965647557587,24.8864334611483,25.6591897494225,25.6613629772165
0.205687935104412,0.604701194734521,0.610593961008569,0.684341102889584,0.91760136848666,1.25929801388296,3.72046519897907,3.922457557186,4.39154894651568,4.3941703598593,4.42918753516055,4.55663770543091,4.91672050932342,5.6109374812995,5.98841946607478,7.6069133109107,7.88397646624811,7.89178550403521,12.8464963816699,13.9343833195706,13.9514562845442,14.2913126405289,15.6372106257524,17.2753305597238,18.8147575268849,21.0363556586678,22.6056197508546,25.0754973711801,26.6486455893006,26.7125487762546
0.131656240015698,0.14472774179494,0.395170680363742,0.481488499111144,1.34848860045441,1.34867990160473,5.31702148989682,5.54314068085217,5.54412074125206,5.61985065522061,5.9887434870009,6.3313713303677,6.39789383699231,6.41116506489999,6.62641482745993,7.01713931363494,7.27113388475336,10.7056877615645,10.7767913062561,10.7779664077546,11.0229329861739,13.9789339730361,13.979269962622,14.7076632829019,14.8290634483683,18.4143661108666,18.78026411334,18.9123522307587,19.526950408757,19.8482983196023
1.04697751807784,1.04917208111456,2.29883874396975,4.87467364692772,5.30415560563487,6.0449363216711,7.21901805351849,7.38819824779401,7.49797886249068,8.17340925819831,8.59520025394452,8.90333555804201,9.2089098059587,10.3868966826412,13.3422789877469,13.3452915519457,15.2418969646056,17.545961707686,17.6482832943439,18.6641724636045,18.7287589362473,19.0895440803287,20.2959718756766,20.3003454471978,20.3081586980461,22.6734598752081,23.7645008676594,25.0281351150624,25.4949579586662,25.5097862803353
0.0793962144677296,0.15541232692196,0.157130479976261,0.907681631710599,2.27796258633269,3.35076636914549,4.47426958674121,7.12767305171038,7.53875377250678,7.53875581377384,7.54757092074016,8.1741312577987,8.2009191815804,9.98648161713072,10.0875081245128,10.4805281152942,10.5905453492365,11.4102987416108,12.4368898349165,12.6502513316941,12.7039840031816,12.7318473912769,12.7701706396072,12.7989885684297,13.6016231006845,13.7517234730058,14.1525637652971,14.2429722117622,14.2454957735661,16.2875391815659
1.33409515067805,1.62399330266375,2.09032360590797,2.09522756403677,2.09630704573542,2.48182367404135,8.11361646308277,9.38983377875578,11.5778250997353,12.4543100506592,14.4308249247759,15.2756665795538,15.7477918999695,16.2820088150383,16.8597340008641,20.7770583246283,25.5482764310252,25.9051091249085,27.2758677636529,27.7871366042814,27.9423068453852,28.9173694608349,28.9410679178985,29.2528552207107,33.7544364731211,34.794887761784,34.7953874204649,35.0199442234156,35.3450631349195,37.5131772515514
0.0724133022324261,0.63139412290578,1.17523619290439,8.2215017168905,8.26143260249309,10.7029152017763,11.2207679796062,11.2482839154781,12.1354939859939,13.2659856849789,19.2535842410045,20.317800627074,21.8085953155407,27.3270474547471,29.2186395074148,29.2522258282364,30.1403429931037,32.4114314286906,33.4352415144014,34.2371837180972,35.3357998427808,36.0139180151614,36.0353819167372,36.9237112469039,37.4746642225043,38.1736839965899,40.0976560172664,42.2141069767946,42.4974682124787,43.2643318909373
0.0830548371155673,1.17762999904804,4.13781154647038,4.82592255554849,15.4162781830545,20.6534226480264,21.4211946056534,22.119170325074,22.1301307281127,22.8363310506563,24.5281750600804,27.2846792939884,34.2347912384363,38.9065785611498,38.9992317124786,47.83820647371,50.7781324977501,52.2243217261651,52.300414728263,52.3026634565947,52.940254441898,52.9510199453166,58.7195183474752,76.313921332495,78.5401424128144,84.3299425483778,84.3959257143815,85.7002239675779,89.8185265227893,89.8439982410726
0.373944057978841,0.620066386851527,2.53883029347642,2.9206106961965,3.86199288427505,5.15964790798486,5.88872943274158,7.55432940747944,8.18739733526064,10.1937756904285,11.450693563367,12.4841685404608,12.4852811401788,14.2467792623018,16.5261091734184,16.6501028547447,17.8613137429626,17.8661656388864,21.10516472615,21.2129691091186,24.9302746356757,24.9461159169067,26.9991129157885,29.9897417187507,30.4175086773536,32.3288977428265,32.8782740388729,33.0726651545336,36.4153594863124,36.4255321856068
0.836432714752607,1.1840401837435,1.3130445881386,5.31227287152812,5.47196964404451,7.64034722401216,7.65813509436877,7.68162713100509,8.30664172409274,10.7175696706183,12.2908145667304,13.5170613674658,13.8654933135476,18.167714252931,18.4271442214032,19.082837613637,19.3939863704303,22.4082993599126,23.6632682430983,25.5957111164485,26.2940571174772,26.5961452143195,33.1993318119789,34.4984383333414,34.4986631740304,35.1550533184379,35.2765126213396,35.7829356870143,36.7427384284387,37.2262904253734
0.282835597027788,0.773332677230991,4.69684819062879,8.81998559635644,9.21945725876802,10.8690429091414,12.8005271868328,13.6745308149041,14.3463104221435,14.3474752316292,18.0050229794116,19.7777686276661,19.7815196842479,21.2529870746227,21.2539423703272,24.3178151520311,25.923138220572,26.0892446183794,26.7507356663699,27.497628740199,36.7898476099431,36.9488662836496,37.3216645002187,37.8116060590475,37.8308678146179,39.660310314664,46.9480098092632,47.6110894707179,48.0350322338688,48.7213167524465
0.740896923372753,0.743588910844611,7.02285673474887,9.85797672091989,9.85822798576329,14.8160849131351,15.2641133214097,16.9737207458597,21.3979959110727,21.560297574427,34.0411822905004,34.8036210407979,36.6007064107367,43.4720565845525,48.0013156848011,49.1659808210771,52.3913722257049,52.3923811155676,52.7048648419188,70.0532700530488,72.106531599066,72.1247884693497,72.1563727784452,74.3622162045633,74.417124379866,75.8660319140176,76.3554884466933,84.7026085985228,93.3545152096817,94.5111772517597
1.07095626864082,1.15304820440614,2.96551935315521,5.18799347254342,5.65756506826295,10.2845627221132,12.0549759869474,12.6556524831367,13.5843537894349,18.9596819967977,22.3558038331282,24.9962835860535,25.3840413418826,27.6039579323002,28.685606546213,29.3235698003637,31.4529110677366,33.5820275836515,34.418749390657,35.4518655421419,44.9401669090339,45.0150426324286,45.0310272200823,46.1819343862008,46.4408884528701,46.5266690806042,46.7067982208703,50.2724346207979,50.6563718566636,50.693689928947
1.06192239748704,1.2128449080721,2.19122888527416,2.30840297933703,3.67013926634463,9.61644442321529,10.898767111226,11.69178463408,12.2677260340667,13.1300397967047,14.3146884196684,15.0473861615533,22.9356703864351,24.0484033551139,24.4833908521149,24.4869663317257,24.8798125453794,26.7702646229342,26.9170054768928,29.3259737480062,29.7223618071928,30.23237767736,34.3133161520434,34.8692866771032,35.3244261466166,36.6351848248854,38.0564481167354,38.0584723278012,47.3376216102985,49.6202086348931
10.819169777269,12.5754678100927,16.8697231068398,16.8698776402229,23.7638184863559,23.8051499984344,27.0833239565502,28.451870004358,29.1072613160745,29.2984709625411,29.7680066935829,30.4451309494339,32.8734523882107,33.4280472457322,36.3166095105244,54.3656544549247,54.903484499259,61.1866242948927,72.6049139930004,72.6756262570597,73.1043060124444,73.1056158765966,75.2062357811556,77.5776176610181,81.4911660291908,92.4851725286341,97.6027080599865,98.3299361824467,98.3360006488873,100.469514369082
0.977386270441808,3.14051587802057,3.66484598497247,4.78222533682415,8.04007963923628,9.20990047032102,11.2993981942798,14.2832678086755,15.7979023613586,22.7340191293403,23.3335623806121,23.673073824382,26.9006110242089,27.1135301076624,31.5992771493254,31.7829768631998,38.9533763628296,39.1870157653119,39.2027943482047,39.2442400690012,43.7979621419118,44.5693457617057,44.6291666837268,45.3304938312286,52.7568847087036,61.3813716049671,63.1707684879089,75.5533578024274,75.5846751274683,76.1250873220052
11.4373019433894,11.6200034333594,17.3279979027699,18.5429498157215,18.5448452979025,20.2863886171653,20.6306773828474,20.8935423669266,20.9040074587053,22.0138663985027,23.3191519124182,25.9175492257019,27.6058082543598,28.2448124988867,30.4281121841194,45.7062009277914,69.3152218073662,70.5091468204748,70.9279816319596,74.9810651211331,80.4121953517084,83.4913959097214,83.5730527974528,83.5975912220257,99.9133963582636,99.9764843162263,102.271615835567,102.852754276153,102.928982900513,103.02203924956
0.803233432042625,0.807105382261663,6.4354599495794,9.63933420867819,9.9471267212011,10.1195812038212,10.1203068475894,12.5167132142215,13.8837359574379,16.8225360267246,16.943378661426,17.1464809088451,21.8839820009882,22.1735990968279,27.7343366192972,32.6120858232702,38.2867884503023,39.5518101903507,40.0584325956718,40.0896314072846,48.2871131075023,48.9212714110993,54.8074798296308,54.904467987724,54.9063933281504,58.3338927068553,58.3350196464997,59.1948398344445,60.6839294158542,60.8102348860608
0.870972928566899,4.64471957299436,7.94699598436967,7.97628535771528,8.02720283619955,8.17805836042607,8.2448405968607,9.98444056965226,13.0956110716849,13.2617766051991,17.423096432036,19.0848572497376,19.450304189125,21.0326449590791,23.8679963071061,23.8947812548656,25.7297749501263,25.7680756184717,28.5863421856397,29.2360632370064,34.8678630350178,36.8203614316564,40.739011281383,42.5423561942563,51.4631443864292,53.0571184170236,53.1329577563412,53.1723503617328,56.247917473426,56.5394521952283
1.91212845911339,2.07152048511103,5.8399866056661,7.52380470863844,10.9280270699633,11.3315596519667,18.177457367328,19.6436549619041,21.9160639475399,22.1090565829884,23.613003122496,24.816925403158,34.5204962439466,36.1902408826099,39.7235401186741,43.388600656473,49.6864106134921,54.559622479233,60.277354412961,69.2587685669227,71.3207987818733,75.464275443325,83.5975881418319,85.8784769314091,85.8800053590516,86.0172234224611,91.6838667749039,91.7846677692541,94.7611476903997,95.6178143587312
