275.591879029308,272.176286584415,13.4008428480208,8.11016695989285,6.9503303257545,6.2437881820555,5.30571279403269,3.48615778396407,3.41073434314646,3.1775703658222,3.04878511005773,1.12315107890863,1.07120369643903,0.927646342970028,0.913386266007757,0.89167701022781,0.69544414972468,0.455467058983672,0.386410204170414,0.370006624221548,0.339118492645209,0.337850529913168,0.28979534558024,0.28978903290689,0.267974699191259,0.255810792783248,0.254453339950804,0.253008189846189,0.250691874040519,0.247824016034927
276.008168271676,270.807730956262,8.62031876364601,8.13111715171414,7.78138104661222,4.02288299476394,3.43930939209401,3.42866074292141,3.35774763144233,3.25954118894286,1.23049155462921,1.03404788933186,0.746526270167465,0.653326177526302,0.651462309090391,0.58044770283464,0.52557937014037,0.518258636776631,0.370834684099976,0.370496517176433,0.364083508257231,0.264386457863198,0.25415604082341,0.228949072474526,0.22879770934809,0.22554237577964,0.219760783089068,0.218276651408067,0.214242660498612,0.210641654285456
76.2325433950437,42.19839925961,35.8297338807105,18.1255953619882,17.9660596393454,5.47339198514269,4.96766515884553,3.91069829730615,3.90464104536642,1.95811621037113,0.815722411028004,0.557784413707526,0.47782391410353,0.408109101650149,0.398105460147404,0.397544374315567,0.38585874944086,0.38504642659003,0.371741687514447,0.306858773844677,0.269255591478362,0.245303886414272,0.204849808788784,0.200279717120056,0.199711599808937,0.199548356832877,0.195650253895517,0.193501358974085,0.191724325087141,0.188708248813982
50.1680598727931,36.4119881348882,36.2640321136696,14.4400362802945,9.05223929962769,8.42322047650968,7.13841256364986,3.5228846169763,3.51138876340451,3.41552348768909,1.27390352041438,1.04805404597551,0.92418278234674,0.897506417145164,0.842577489059223,0.842276525053197,0.726992058009121,0.720059837443635,0.538653502855257,0.33807296200614,0.33535207329581,0.297824306508993,0.287935571159446,0.276862606240704,0.236854093896051,0.224833818886112,0.213606751384724,0.211719701685206,0.206555899265764,0.203652412465622
79.2207974211972,72.9637637587132,9.24803608576977,6.77488215399723,5.1235667814473,2.18526000681734,1.85088236826985,1.84965991560998,0.791048171024124,0.761109264355375,0.702853152566257,0.700435082721243,0.508695140902227,0.500325129963953,0.488697111730074,0.393147275051823,0.281105894324937,0.241030877985152,0.2402002258079,0.234230004796263,0.234178195021922,0.232498026212246,0.230079711342493,0.229024448719598,0.228982507527273,0.223832819852543,0.223736227503456,0.223038573054416,0.21450039864032,0.207795864880931
139.09951155356,138.831823813324,24.3278453979038,14.0277365625236,12.741717623999,12.6081240431575,12.4000068965917,2.73201303364495,2.29162706269712,1.5549672982675,1.05889339973652,0.971488743827355,0.927226013745638,0.89281089685611,0.892532458080323,0.423759594236436,0.39276131704796,0.338830474595143,0.329324750850848,0.327748747663867,0.32774494079179,0.306370894864591,0.290826030661773,0.275914455243551,0.234353889266735,0.222523709167958,0.221528445734616,0.221245691699722,0.216086912542392,0.20770263788092
123.058349012952,77.6803803158809,18.5256066868228,15.0391430357078,13.1339654413117,5.54514205813668,5.39817925922552,5.07078948893922,3.61085562146374,3.4135228504339,1.54929097464074,1.54909139910578,1.46303150253704,0.798393976832199,0.76835318136365,0.762680885741163,0.498442794225604,0.345861014328372,0.345795402012992,0.300191517053958,0.292693610893986,0.289410489300227,0.287294902493825,0.266799379360378,0.255184114787434,0.254306130600865,0.254280444157793,0.247761159452813,0.244255390693124,0.242106972328823
177.62612237271,52.0281847682531,20.6899102675364,5.85827968746282,5.85044686292386,5.76539411126845,5.44049117892021,2.63449635333505,1.40179936579622,1.1522703335297,0.912377586271593,0.861714146604378,0.653799479728273,0.618100724253211,0.606628021228825,0.533797425323177,0.364924270749615,0.325697295822611,0.317687177573455,0.303889591323193,0.28727467322742,0.25200685592317,0.229517710001411,0.218977567586166,0.201946752881078,0.196827703357271,0.195115947849314,0.183848654903406,0.15157982067144,0.150609826595643
239.438526382207,75.0618627221904,33.7581610396879,32.5335433946426,23.4070242840532,18.1988489396796,8.43045414942942,8.25895325542911,3.14751812462192,3.06390112749118,1.66048557164241,0.838697224506356,0.838627020248979,0.802821066400905,0.609820670310841,0.503111872131031,0.486987755170859,0.486965073728562,0.4777448717176,0.445393227153391,0.424669809115127,0.404578074861413,0.356360581610552,0.341207332641351,0.285779156348793,0.281864140873803,0.266268869849703,0.254731988650231,0.251746493345362,0.22846425291389
55.8184050067811,49.4439997440377,34.9376184400692,13.515331237561,13.1819965181792,10.9986592606473,10.7981008788441,8.60266354750007,2.96361147310873,1.36488407915336,1.27026667014594,0.71994985714002,0.719878258090508,0.704584362834384,0.693229914500558,0.549341773752869,0.549341770420469,0.454393852227509,0.290701557593805,0.28833310346819,0.229119231845177,0.205245759253804,0.194377820639231,0.182480625240435,0.175597383285088,0.175588355469627,0.158237388381023,0.154954927208259,0.148010159363619,0.14798839682005
107.766479685417,104.801979003049,30.0454798138408,14.6382868049003,9.8211030633248,8.07180907073949,7.3139697050666,6.12217407240029,5.22439142098614,5.20157731392873,2.14682635632467,2.13192895521097,1.74373591226154,1.13579126749648,1.07829118549254,0.853073305248864,0.831268950923501,0.831249254329513,0.680966672147461,0.669140041411098,0.667104907013453,0.551465472329483,0.526014422383281,0.439152417046212,0.43914744827753,0.414181112444897,0.413505963073567,0.413428185152655,0.348206497603448,0.347824076280565
147.610136198375,89.2508982409031,58.3916964475031,23.511435761668,22.1468119378932,22.1201406739378,5.52587529340471,4.54428157904078,3.97492200096232,2.99279222492038,2.98876850983505,1.17923557492458,0.831679303777975,0.761297299766955,0.75728864377537,0.748293990601462,0.642009910392979,0.595489506001512,0.558397151426008,0.558295569696522,0.50155453679164,0.501553973929057,0.466473171687103,0.427052906185658,0.396678405019236,0.396386837310671,0.347765685398531,0.336648884148846,0.329616297229122,0.323355253804185
163.6444350346,157.597255648593,96.6661405037529,26.8606219270753,18.0787181888028,9.70687648094559,7.61493252968417,5.51436615249573,5.166267164523,5.07005086178013,2.71303090879981,1.57815344265249,0.686393254198457,0.680485612555863,0.632752762045808,0.450312865330064,0.420363244333432,0.418164327124694,0.417177604721913,0.372738780307384,0.371945750682514,0.353698725948254,0.340863309653721,0.340666964958949,0.314808340837592,0.310715519176063,0.240933159121043,0.238956222415024,0.226740544768466,0.22620814464191
283.706236172004,249.44742645526,158.743916554522,20.4866854772631,20.277031008505,19.1621623277617,5.56537747415829,3.31290991275334,3.26388416718734,1.91169667100826,1.70063655128524,1.47438085744553,1.2207375388168,1.21313121639488,1.19838660249702,0.889401896928118,0.677257262715953,0.673555877458875,0.61330088883187,0.600561426400835,0.541071906132944,0.524300726796706,0.336138807906984,0.335791322468456,0.317499785848145,0.310346253832595,0.2975656324442,0.280975525938343,0.280180982265731,0.260948374691407
270.094700446508,154.237706672239,11.4671127438763,11.4641981362187,10.9385181517803,10.0135212420808,10.0128765375898,9.1379233995512,6.30621923818852,4.74001900294742,1.22908335377606,1.05098412042722,0.900752499566999,0.530235957897778,0.511072503862224,0.436223285497089,0.432502593792743,0.429538171670483,0.413188535058643,0.40839890647836,0.397943883293663,0.385204665543409,0.373788091882651,0.351000327485322,0.340008515311765,0.339928490886831,0.318177570386231,0.306699585462048,0.282393170629671,0.277895898317088
294.706838200772,118.121254556833,23.0143122643977,20.117571029972,19.9946129961372,19.9436210772664,7.5554621058954,7.12011294643594,1.46489165737457,1.29182241368899,0.876222126815713,0.870590562520919,0.775074321364045,0.672604794068656,0.615239169430458,0.464988854610616,0.462414586907336,0.361845488737592,0.279367897392884,0.279348450070194,0.272733229713799,0.243069163238046,0.226290716002623,0.224427428393445,0.20759514931261,0.197012292071363,0.190910460982501,0.185751825401641,0.18021330329784,0.180010310842602
24.5203540679342,20.3742365724818,14.708811460037,14.264253605343,13.6800906523512,5.08082443052061,3.93439488964772,3.93412405125039,2.02723632699399,1.17893987001644,1.0316196235463,0.720214110959072,0.583764260840083,0.558432976577846,0.545225748918558,0.446673549667994,0.431042186721964,0.368485915267354,0.336318085911624,0.336300864114335,0.329755777286,0.287972867036984,0.218494008479883,0.211890730853796,0.210511332078989,0.205875293366124,0.204853344564836,0.198403500285019,0.195226575403588,0.195217032228672
105.409622619399,54.2583026473151,53.3085369301283,28.403740802251,16.9761428048061,7.79857799054821,7.40927317995286,3.79850649401409,2.7908327068691,2.73965179557186,2.73964016210912,1.56259163782356,1.11637999013818,1.11109270852132,0.772924761422718,0.654322390416125,0.516870246770288,0.513268419012708,0.412462382941133,0.402698085195968,0.400550520390313,0.394527522428175,0.385204395365545,0.374952221715238,0.312574564971767,0.307806562467821,0.306585944249517,0.305918189616923,0.28862678906513,0.273649772287944
77.1933195586582,75.5292046663993,50.9310769636189,49.5799053029987,39.6118802190725,13.9894118005488,8.64651228178318,5.73505872784101,3.45580556683028,3.28150760263742,2.8214056847262,1.14408318762688,1.14340877712884,1.12514845773705,0.912338105653916,0.910267234204584,0.896663989577791,0.540667751083936,0.525683469924904,0.446443137100022,0.446303070776201,0.445772970951146,0.444278828336875,0.405911109494475,0.38873482859558,0.388660670895379,0.327912597464597,0.300953075744809,0.297498810580086,0.273103603460906
64.121048676665,46.209310212678,33.3221144529174,16.2759347422549,15.3751623394521,9.14870644791641,8.95231629559896,5.50387687130861,1.16858525090815,0.46723205780038,0.461671526589464,0.460567298653156,0.428897256648123,0.396263997010176,0.284715230390847,0.263511164508394,0.246002396975647,0.206027741558996,0.205212778285779,0.194864395743625,0.190203163016305,0.183161457950826,0.183063605910815,0.168883212545112,0.168791104193923,0.156746249200109,0.156738795904011,0.154068837497691,0.154066429865411,0.152781987841731
325.340225778596,39.2717898686753,30.5550096130204,28.9677786035795,20.8128637792067,6.85633115259143,2.25479520810725,1.5282401500624,1.50506035869023,1.50492903004405,1.32811399166394,0.975309219265975,0.519118415063101,0.49552045720959,0.481826964940508,0.476027407644891,0.460583457843769,0.455707529507115,0.384088791334272,0.362153621493292,0.36215235225345,0.336427761658251,0.331105621258828,0.313810712068419,0.168963112273807,0.168932159530688,0.167538618902602,0.14260532375104,0.141049208150903,0.140735323192726
328.052209136305,48.8607985860092,44.3274530672391,15.6685026047277,11.1078291692294,9.36754870560179,7.27140333311272,2.00438736326997,1.98947982253614,1.57823685719573,1.13645024634144,1.10463954244385,1.0076962230836,0.854959780570164,0.85177791390962,0.850483142573375,0.847137318832866,0.84315053152142,0.805503439782575,0.733302616818758,0.732443904787784,0.732242980343751,0.672044449987184,0.521877646732531,0.474218106160064,0.473819144574561,0.454579608801107,0.441253217870351,0.441072165168024,0.418332434374792
138.499113721364,43.568525301967,25.2021671987156,17.1445481408608,12.845407384042,10.3057199177687,7.80590788876121,7.47054211658285,4.4869125357873,4.30552792344995,3.88783142518179,1.44172158690376,1.38860909312292,1.2791970111226,1.24626335901642,1.19484314537796,1.17961629718946,1.17241767441109,0.81907550657463,0.765309397789127,0.742807454337825,0.742199818043161,0.66690076602488,0.665902158227606,0.636592719713149,0.623326098407053,0.621772126223077,0.618935804523712,0.56632214568273,0.565763464474013
108.239823133281,26.68418334222,26.6718346009038,20.5273409696591,10.6941099184382,9.76942101522618,9.75199046473446,4.22996896940177,1.9632588443864,1.9631351208254,1.56070761641038,1.18514844231337,1.17454434028831,1.06765518256306,1.06640161870888,1.03642942340201,1.03597456994587,1.03573612290805,0.793068527913582,0.779317557887488,0.602631425300164,0.557905135741123,0.55101624242407,0.509654515649516,0.504420239664788,0.497678296777227,0.428406783971509,0.428406675856029,0.408066481379178,0.406797052413913
78.1615776845439,48.826211851292,30.5295593743754,30.3221950880705,29.1987996941896,7.9628005854527,4.81613052808184,2.63897248391119,2.52506720535304,2.13828922495426,1.77876569444305,1.63822654298622,1.11138088286734,1.01535162689812,0.9862067245159,0.862492817146855,0.862395888015772,0.820449260888106,0.798979648098974,0.662678765510116,0.453595462008977,0.453305923957556,0.43533742860429,0.415002559873306,0.403777428680078,0.401825776985933,0.396211903283413,0.341354327547865,0.295919043084384,0.295588367647319
55.9729992585029,42.8016529960667,35.6245456422048,35.5389271340745,35.3075213312575,9.64458300586181,8.59613853090907,3.93673639766546,3.08573206552641,2.53333966098023,2.40172163318067,1.63516103809689,1.4756814934645,1.18689602774811,0.994270828155339,0.782839869951283,0.77044325792562,0.761023885971747,0.756439701609441,0.653576454334196,0.64541494295285,0.637427608102626,0.545824753524408,0.544432078210019,0.540136904476628,0.521305604343082,0.517041292258667,0.497629777813347,0.403323245309396,0.377082555225466
741.844678850338,152.950394432203,30.7695161856579,28.0268883557068,28.0244114576695,16.1701991350701,8.87347497847703,4.73261442796973,4.03815416321854,2.7368141846228,1.62986954334359,1.47491080146795,1.26474324921479,1.21652774693596,1.10446240804058,0.931985994729205,0.7300452800719,0.634783444055983,0.603340266876863,0.548899038279027,0.547967448746418,0.533525803594855,0.419498586001959,0.416762611917693,0.391233009827797,0.359124918851566,0.355422666899012,0.355056948339056,0.348984474524165,0.348343951340742
425.957433275061,103.918943916919,35.097377093605,28.2974721980748,5.3432662172527,5.32300380550749,4.36571746497253,3.17070279674353,2.93816925815303,2.21390796570944,2.1826632636409,1.44725597175059,1.18072200809963,1.14402227131315,1.14163955113192,0.954062404847883,0.833095767696216,0.550968888657224,0.508137329663155,0.506451919814009,0.486674415660513,0.483965018527229,0.429971072177097,0.425553815372488,0.368629395137354,0.368521123044585,0.345605262093801,0.338729501104943,0.3255168907093,0.32396883496063
411.365037631664,177.611308800048,45.3697095120471,34.8068215912429,6.72565211575228,4.78270466889767,3.32358781171438,3.23470539753089,2.65937243217857,2.63273206912429,2.32689891406999,1.90936221992302,1.78429099381913,1.78052336338753,1.71781523936603,1.20457698194947,1.01936920501104,1.01072501401015,0.99135279297723,0.740887803653789,0.613680625412974,0.587548677389702,0.583652307558085,0.583628118938627,0.581956652119006,0.578559729396303,0.523018940572303,0.512425515799561,0.463260471095849,0.400402987332442
242.950017165977,48.3424989545197,33.2219798619544,20.8777382929693,15.5658708245778,14.4102115851703,12.1899159946608,6.49655171955394,4.41368225317817,4.41351914282318,4.37982603284669,1.22074266264939,1.18361991762058,1.05994989676246,1.02372348673132,0.569105596966392,0.567873858913623,0.567723065921043,0.566312952071617,0.521513436290017,0.503851280108492,0.451026625965621,0.450888114777494,0.450019947636703,0.443471250146894,0.439924750822123,0.438708509663454,0.417048787923562,0.369469201038233,0.35459176932367
233.794558723686,164.258692931165,57.0636116058631,33.5712178048064,10.3004032458996,8.53539698296756,7.06468112105819,5.53701094404214,3.40811283805469,2.46315480200311,1.63410801520993,1.45801256938246,0.753271606572917,0.523701199344743,0.516541112218547,0.514828191871139,0.440892713649331,0.431832121045966,0.413021668739725,0.398663152383614,0.321132161921564,0.317948168556678,0.308932524223011,0.307784067466016,0.307495767502706,0.301670162597292,0.29732936178457,0.282123207120151,0.205575473588945,0.201666491091808
319.236226077431,276.228598078336,117.232875392814,102.517567569035,94.2074950991266,43.6521224598003,23.4701847972925,14.7787149146229,10.6735668236864,10.1341651746287,5.07825044824024,4.52427242172797,3.87087482857505,1.70674836228411,1.51181543828726,1.08699297449866,0.934365729237495,0.931708723285227,0.908565190195181,0.789767660125017,0.789521252963399,0.738657712584324,0.669210762165046,0.655508326124856,0.65531392127495,0.642050319727527,0.637980421741404,0.636577230050465,0.636086572618309,0.613472201439347
337.504684121526,186.647810543153,22.5099635859454,22.4260225737924,22.2865553359374,11.0942626156643,6.35002602161518,3.59528266183231,2.15742682763261,1.95069092977248,1.23530087548597,1.18219868943832,0.719371365631017,0.710921887942032,0.553220938149817,0.553156698612302,0.549970336284412,0.510401578289766,0.510398465967213,0.498590127284264,0.494743829460725,0.490170557997899,0.475063339987478,0.469968420548502,0.463202889845381,0.406739417204235,0.379730822545079,0.357745147630376,0.357089684262666,0.353456784424926
514.220136691892,505.219345268955,156.19313706776,13.9700992994485,10.674097568231,4.85691331706048,4.70796635504598,4.66846679968836,4.53048155136597,3.74625839417258,2.5079056777806,1.18949713376218,1.18516310735296,1.03413375026476,1.00844785433548,0.804284483935436,0.750154382794079,0.66231568229937,0.65003414854296,0.614030208400397,0.59524678800233,0.566120348606762,0.562273251009627,0.560807475021895,0.552381935477926,0.545926489910697,0.531387126753702,0.527588903336732,0.484517208661903,0.482441740802674
266.562119301138,213.340630507763,24.7821318987808,10.7516938467538,5.28249283583772,5.28075771976861,5.07985837888517,4.46744081278714,4.46734396905768,4.09162617605998,3.7066460007673,1.12391344772282,0.859855905294199,0.750635560380701,0.746899855509642,0.745917369133379,0.671799436832231,0.662168241125597,0.627075996122596,0.619543269693888,0.578587041544335,0.575715980893893,0.571735431599677,0.540506046155486,0.513574419413344,0.501881898197256,0.47895852672037,0.437424376169852,0.353151355496905,0.342715634259567
436.193037336658,45.9589076439638,6.57261279367884,3.27759203898546,2.63839779720983,2.51838768887215,2.49900044784859,2.04875175446973,2.04619871495283,1.73208614628207,1.22135534105445,1.20901660593024,0.609237580923573,0.550920369933342,0.433189561230603,0.429670545486604,0.42966847037824,0.428562689204486,0.428065765797046,0.379340156566933,0.356405439623711,0.356054065308137,0.283449171681338,0.261994118025112,0.253099594259996,0.252689600663055,0.244397825546717,0.244387586706781,0.224869659645026,0.22352379929709
314.79979900501,105.028127882591,29.3398997146327,13.3737660403095,7.82279959678109,1.71371323202122,1.65433315490717,1.63322172642199,1.56321489614514,1.54291632367034,1.51625367994008,1.35338450702345,1.06896745650305,1.06887948156934,0.628148179005356,0.62558903030732,0.44420880066827,0.442021831004693,0.388091776368225,0.38464652810418,0.384619024390298,0.383198981266296,0.378188658077516,0.353380677393228,0.344580751792202,0.3444783078674,0.334476774713863,0.304538402664448,0.237169794716665,0.227396135222495
75.359751106065,28.9563766227785,27.6190677872037,16.0868787292737,8.42972334106243,7.63036641545005,7.60241302155376,5.18969617346512,1.83142214396516,1.81360011867667,1.25830337188396,0.902691165277726,0.877727693261959,0.562909205518336,0.473761787512021,0.320225785646328,0.31367466602551,0.310304507270288,0.306524587571882,0.274477077083177,0.271774850962567,0.268808413285372,0.263215934762865,0.243652761003905,0.242974978290965,0.242639767440373,0.231201346500151,0.22674645948984,0.22671196862621,0.217778669265598
60.9993414725297,19.9179572481653,19.8623179381503,19.3010111209528,14.6661614094763,11.354702581702,8.52613475465747,5.82064834722348,3.47865946950414,3.47810919281186,1.47087544618984,0.990947436810573,0.817123359974875,0.76258862138436,0.701509791011103,0.617029792613818,0.467749018625438,0.312484105579508,0.298562581078601,0.294925381662061,0.279934575483672,0.278206726572661,0.27631240806296,0.266245651954005,0.243456138773214,0.243322319523853,0.240730472037672,0.224900710457956,0.220247467679755,0.220247465933662
96.2262709232814,62.0898990023835,56.3614529479221,40.2803904829957,28.0960885650643,10.0983165616432,3.44634181698341,2.85283978442307,1.74752701776149,1.06594133137196,1.04751603806068,0.926393971106527,0.917739566342241,0.874096808839624,0.800586789836063,0.611478636320819,0.386636659730031,0.370369837784719,0.366806840408365,0.359179777349026,0.324675610121188,0.324473387665644,0.225115284278744,0.217057488909774,0.176865397740766,0.162731797944008,0.162686369903158,0.155475441830787,0.155199527010984,0.153047041994454
174.058972232621,32.9445955506337,32.5264892718947,14.6066384393336,9.94523312784291,9.35111937327874,5.03660241551324,4.34532241616214,2.57629179433282,1.55689820944759,1.46179989512383,0.60783366786403,0.425649553657125,0.422886618795097,0.420813294201759,0.420515874594292,0.304159732162675,0.29209117123853,0.251513077567982,0.214480470751019,0.20197933626418,0.194835247263088,0.185274357041522,0.158070104422183,0.153787097311796,0.148649438322197,0.14794940811949,0.146061131707992,0.145304925373535,0.14145909432985
218.200890598159,29.0172887948093,28.7417131598579,25.5826848034324,14.1264305900755,11.268589275595,7.83144957179262,7.52952315814436,4.62720063526106,4.60643691738898,3.35231491323121,2.21495073726861,1.44885108331254,1.29002544269475,1.22480546697622,1.0465486668428,0.626258586358882,0.613457577585978,0.501621662095607,0.495845200908268,0.44294649987917,0.35886351840369,0.302796271248879,0.298914878032837,0.293856891894706,0.293853084131813,0.278300078155467,0.27362333465752,0.271830502778572,0.260448390690073
525.184817938578,51.3927038293565,47.6939295602453,6.28831057765281,6.24539669221053,4.84936325133234,4.02255042774446,3.05221624381576,2.43119087893725,0.972531136669079,0.906082478009372,0.826233834851556,0.508977668503771,0.488247166361442,0.382064553624442,0.380169518357836,0.347823251244706,0.327586497752473,0.327531857910007,0.325923949740771,0.318689421005874,0.306824817464275,0.254721782319421,0.235644005857314,0.235464742674989,0.213567797813347,0.209325460382695,0.209096247424525,0.196272264467846,0.196199916611379
143.768045779472,61.891402678967,25.5427975074709,13.2972283447626,7.83309613125882,7.79586028004722,5.35588862839909,4.16158683621505,1.25908155110175,1.20554411011373,1.16328354071814,0.857896873302083,0.758526383390118,0.715900598623321,0.679243453417802,0.491984878598908,0.487353335931006,0.474693630482441,0.471922729520552,0.251365288974281,0.250229946078644,0.247958714528916,0.220194653687618,0.202836431681977,0.185622667900303,0.177337613759114,0.177310236873191,0.165710645783674,0.163951653191062,0.163685897812252
111.260955708673,110.117550097096,14.7065780190024,14.1687287502675,12.8975465949596,6.23060178702468,5.73196114277086,5.09692771201694,2.31918757553377,1.64923044867232,1.57692717331672,1.46292983591859,1.06251175418087,0.988222672984458,0.563341334424086,0.55731047064311,0.531899111095696,0.505393296435035,0.458515624361538,0.374197585128871,0.364972633901224,0.355876500671903,0.350259631855625,0.35011984004351,0.299394915144212,0.299332143281621,0.260896669741321,0.259865952931999,0.257523195137221,0.254763264440586
197.672920037571,187.934322292623,153.997793960417,104.08308614783,75.7767618836687,15.3352486760783,15.2237864868952,11.1276089560985,7.08968584065873,6.8934617641276,6.21597092254141,6.0857685124907,2.05356003507405,1.96460723581084,1.25133660056628,1.10579493441779,0.752520294217198,0.750979621656077,0.727496908856042,0.723599823980624,0.631655553996796,0.60167429100251,0.547898286383046,0.547101538144652,0.526921841221955,0.526903743104895,0.491768859793214,0.399286966820739,0.399187181687399,0.384106516932722
263.030102987638,218.113141752341,141.992747368908,74.0700705622399,25.1017910221407,13.2205645733815,12.6946777942831,12.6837311142855,6.66664354758435,5.80622300093429,5.80595193240385,4.53024452541507,1.44785861493092,1.44583697015346,1.29366633294248,0.871743980596656,0.843578210470366,0.813970811995333,0.80578779177224,0.730578523576178,0.62362954932675,0.623623802328322,0.591880143708558,0.567624775251494,0.566800011381356,0.538026554439433,0.494019270043485,0.446927209052836,0.446844763496927,0.426498780229882
102.004318982122,90.3200505162631,20.0654120343937,20.0146849048424,11.0134989651161,4.72447745796597,4.44401069163674,1.6447967489235,1.47008661912216,1.46971824056356,1.46459177321662,1.4453270774356,0.697701921424265,0.574121335761356,0.567321831859976,0.5601182844305,0.465689530675594,0.454366614196517,0.451407990759217,0.44900691962645,0.448944200533317,0.447737084541132,0.434464450727171,0.34508612421447,0.318205249906259,0.318154863238783,0.306901939857716,0.305777421362222,0.282792958269026,0.282240149264839
135.457436692201,34.8861051322406,13.5916242581354,13.4804199284861,4.90564161414978,4.20614170391597,3.91353514477385,2.32050682403148,2.22784432296321,1.94095010294637,1.67261735739334,1.64135085169355,0.809870166599947,0.709075243682438,0.707762537254644,0.690941934282933,0.621764240467511,0.621019081988711,0.588459290871768,0.427363212671319,0.42535753727777,0.374325079414455,0.3685957174141,0.361253084039015,0.359662097907078,0.33499162231321,0.333880245567042,0.32325300292044,0.291685181143215,0.282878408901334
34.8796525507461,16.4015688819931,10.8834697445222,9.86714586176149,9.63239281637726,8.54123894525447,5.75003703737823,5.72168985065242,1.36128470363324,1.30104303395489,1.17439172929385,1.09688794511695,1.09037266047352,1.07549203517069,0.951631722374153,0.935792828631678,0.924626850810202,0.917918861113585,0.746054232711221,0.519418370129559,0.50500747264926,0.49182786881262,0.448239124048738,0.436773186895624,0.348407016119017,0.339844062526513,0.290093366329735,0.280086465536518,0.274637890477043,0.26648608035057
134.490652816286,69.7416254142359,41.3721741589448,39.7966979240491,33.3611137483575,5.30018476835134,4.79819907003232,0.864631571857599,0.862560429941803,0.674413519981204,0.54702872696744,0.531636730697478,0.426633408270698,0.420573759116743,0.284027543938919,0.260409274481959,0.260397916903624,0.246670685159115,0.23359501374711,0.21415987474596,0.213846616052454,0.210677038136725,0.210389011136911,0.203926095993331,0.182448866667491,0.175907692254122,0.174727591064453,0.173746356572518,0.14701525913149,0.146864510989308
102.131473583985,28.4792146606434,13.3572430478501,13.234731550309,13.0275234126643,3.34848095505336,1.91402023345368,1.85538029984082,1.74489844119112,1.44383388876059,1.2727200653056,0.835940849047395,0.821341223985883,0.819443445936008,0.695042635695244,0.498527359808467,0.365015373765164,0.356604131605062,0.283249064811525,0.272634903242084,0.271481989713733,0.267494973084332,0.266714222774759,0.257811836505395,0.254967649546326,0.249579556485052,0.249221594231049,0.24653489551146,0.241975614747898,0.241248534150679
78.9777663318624,54.2111411574497,9.59593758969013,9.49296101294135,8.81665226217766,8.74723344444877,2.12104194710293,1.49164847416329,1.02811493985288,1.01131583022409,1.00713361889456,0.861249261315867,0.786457108384794,0.730722109353244,0.537729268510837,0.532030286232155,0.347508861705941,0.342469301970288,0.295592760903571,0.293793017605761,0.270309305895688,0.26429601404718,0.246867629139741,0.244915338698279,0.227762229992225,0.226257797044278,0.219751985661449,0.189769202214946,0.185527210818514,0.183581377873296
632.99607146625,621.293747857505,126.639552306231,37.8811663226708,28.5317473474625,27.9518639044173,8.13406798079657,8.11116473236047,2.4631636242866,1.64765672225685,1.61135002453838,1.59089207558303,1.28685017740737,0.994150984616044,0.966338817802688,0.942765721561835,0.571436779712041,0.569825766445397,0.465106841817555,0.409227796468225,0.407788176344895,0.40617759967865,0.337267050852361,0.314483644873552,0.300917761709624,0.293469987285703,0.282533973566636,0.274210415143573,0.266267325060049,0.254108694117001
611.121039446013,538.472119234236,90.1739132076142,38.0354053671116,23.8164639949748,23.2067272700568,7.26305286420362,6.29179446863644,3.73226912819103,3.65908875076421,2.78552910395181,2.61832512010987,2.09764281770357,2.0896600895968,1.75560765081043,1.24158512990067,0.775116225939133,0.565532828313323,0.565350780606768,0.531361488236199,0.520980435993299,0.520841444540582,0.490620844210525,0.437940539219832,0.342231703104554,0.329900710752015,0.328668659593231,0.284287676262446,0.219458312099721,0.203463464469848
121.121775257629,74.5757985063476,54.0536523812441,23.5878800621967,20.9424176697869,20.7588765154684,14.1573637748441,3.68251150964195,3.47839064808085,3.46186227926425,1.39268634679659,1.29678311444697,0.508703388025166,0.448785024859768,0.412958948525321,0.405858978490345,0.39877130949023,0.379194048845348,0.330174087336664,0.287073330955719,0.286833527470902,0.284695523028792,0.280558296759754,0.273241115236483,0.272861789702908,0.257997683762858,0.217307720883636,0.217002267302085,0.214446824285936,0.197067314585345
387.041016197764,147.956150993954,115.228914959426,39.2140923156906,39.2065509451137,29.2217255269088,28.5156040478077,2.69066123189173,2.67294751743629,1.32442523538125,1.3175742847969,1.10063846122149,1.04809860604016,0.982962898823909,0.84919467560386,0.810972270592771,0.751150100238713,0.554450688177551,0.458113265533702,0.411883396699291,0.376746504180229,0.376078688798427,0.375704418656366,0.371635881437055,0.356050561961823,0.349603090597359,0.348840652632827,0.342788390803906,0.333690454933636,0.328100208899495
24.5186832637293,24.4054437382201,24.2665780523874,17.6897957693515,8.14234149092163,5.85166189902777,5.75260362627634,5.73703123153058,2.7982135092944,1.6774400687418,1.55181294263594,1.53759128690431,1.46648893847289,0.761944183896762,0.665522290011516,0.589449491901934,0.589409063925649,0.584699345346958,0.573035333244726,0.551691008754157,0.531372670278036,0.522005888387081,0.424249015888084,0.399039552580033,0.397417963199528,0.396762816690314,0.396649251206165,0.353936786394659,0.303789972462662,0.30308285880904
91.0873753036808,90.9486274386894,73.247078244676,28.8093488237942,13.679673109633,3.32328998372117,2.94232381591453,2.2643088590373,1.29004656706204,1.26583344152624,1.26101275416851,1.19000862251984,1.18744197846135,0.840370027794307,0.626986751194816,0.58758456949547,0.376007993045273,0.37186337606846,0.369695428406086,0.281138234871684,0.272867914582658,0.235364140070647,0.235279552352424,0.183562800057125,0.181105095079942,0.178234772114575,0.167474102629717,0.163710407032957,0.154629430916159,0.153052345898844
234.019170302747,230.396389429894,133.566680980443,33.6956813663309,30.027700177944,9.29773842767151,7.21548165257485,6.69813059815993,2.88553297139412,2.67354956074191,1.83721395920992,1.828032496899,1.4070015764726,0.793726712435354,0.695315629549345,0.674091513472147,0.366689452751593,0.329362451819265,0.313000934770141,0.23096425539825,0.21661785883898,0.2042306412794,0.199297440267529,0.198073040971466,0.197045743549784,0.196080503266266,0.191549951289197,0.190194102863004,0.188287687441944,0.180782772154717
363.135285737789,160.652958552824,61.3953062754963,22.2453171495215,19.9981457010931,14.1489589441623,2.25723439765284,2.15956429947575,2.08754428145707,2.08544088431922,1.03977290250024,0.849430126029977,0.849387942296337,0.474331950934879,0.399222202701358,0.38960949958391,0.388696752370937,0.36725692754362,0.317466244196773,0.312336738193333,0.311030791139236,0.309258815052352,0.305484237315964,0.305155001505141,0.299168873488778,0.295909468513162,0.293880131337478,0.280549987052025,0.277312719390649,0.265055210194121
62.3571815699147,17.5182881987552,17.1478830018286,16.1172187296184,15.4946874273293,7.31455214931436,3.82957032028887,1.64886698718336,0.809985440268061,0.783204055595628,0.778652981411923,0.766675450432909,0.632779599874504,0.610555790553769,0.585008690733592,0.568541634067571,0.564367567783453,0.532039366737268,0.384329689157506,0.384316029699272,0.361718643291419,0.354928596608357,0.29057419285432,0.290367537143912,0.21441724922754,0.214081234445227,0.212915726670003,0.198759444714684,0.189411571830355,0.189232793318602
55.1161441706314,30.2208499689863,26.0715681677242,25.6970504661527,17.7296040183758,12.4795273410737,5.89731939238564,1.01041215623851,0.690612820505974,0.662554237603076,0.637091168845117,0.49503989846352,0.4765185011881,0.476492275664418,0.449415088966782,0.448260134608257,0.424053422977053,0.385099028768357,0.332151683003454,0.326721064017795,0.326498234945702,0.307392410689354,0.293503985568584,0.287929071818756,0.286662126245999,0.280852003985768,0.279731779702893,0.236442257034802,0.226205725080521,0.22573832748907
170.556212356891,88.7976964170746,82.475335292064,12.0277776008806,6.91404489014375,6.53407855526042,5.02335747305511,4.94748814279395,1.70070180543792,1.64264828930305,1.5595308923677,1.26437246736664,1.18475251963781,1.11425688536588,0.902921280589012,0.887956749876476,0.57415314079204,0.440992170827887,0.397588773730599,0.317949257962397,0.317533719965932,0.317492003841243,0.313417499113175,0.297760333573454,0.295759975402716,0.295543952537856,0.238286611179556,0.233409218847182,0.190889350618474,0.19047396011362
59.8227587089891,54.2714110403297,52.6551741641743,35.1782427362356,29.9461813131771,11.7830164178133,1.73483023148169,1.6580147236331,1.4765045133496,1.28028543881921,0.98587122964964,0.891236523267755,0.439280066477934,0.263778039811448,0.262784225347796,0.250207304235439,0.238779531081073,0.232066736784881,0.22969166192785,0.229354415770884,0.228444201553582,0.227086195639225,0.221248006102175,0.221084147771072,0.221007573917727,0.185567468641519,0.181891596328814,0.181747471676014,0.176214262606037,0.175201884561584
69.1598471593137,59.41038993395,40.5219580081098,37.5576513211234,37.470420630104,24.7094090940815,6.30199513836823,5.48066861366796,3.71059129495217,3.44829994306448,1.78672112115166,1.72799808506464,1.69533934309564,1.59452119571612,1.14588043934497,0.738129884767452,0.605761974438276,0.581356527856602,0.550037591861256,0.427963799007881,0.415069798226751,0.376895553939376,0.359772563912449,0.324461286789567,0.286930711765604,0.284169156588285,0.283976344037262,0.283635423843759,0.282850719982039,0.281304698977667
414.784887654705,405.923656279497,194.997888691417,18.6468561902871,18.1169192668841,9.79944621329936,5.39032548948226,5.22591119050565,5.01469717856217,4.96444036709867,2.6816842528219,2.47034722966319,2.4117594429228,1.26298758574295,1.11772961633248,1.10201579983477,0.690866507427195,0.612909738660326,0.598785066275251,0.31263227485196,0.310332078396022,0.310278360072793,0.306989052718274,0.306315822273345,0.306096050712263,0.303874196187601,0.252860694275819,0.251802595369092,0.251710602619557,0.251614960926081
537.158524705289,343.604925802672,146.474478876996,122.897487918194,85.5852046530448,12.2758115359336,7.40305111195021,5.80311307091356,5.26713325213632,4.91072826665047,4.90920165943189,4.5790946419954,3.95102825470306,2.51454771677057,2.34633283938344,2.23784911936467,1.23128943898994,1.22910746936608,1.14499251387394,1.05489262149326,1.05058460022248,1.04921487552867,0.527482613310328,0.527261484649519,0.509567277997252,0.459673069217503,0.442898598125538,0.442778664607442,0.442403895347912,0.440904599232286
293.941352751179,54.4995776606412,51.623514145248,48.4887254575781,18.1864245493013,18.1278010894084,3.18779064967539,2.56042475006892,1.9978062844907,1.81995536255892,1.66896058856911,1.614729453674,1.44600968065672,0.964193315030862,0.743392444539135,0.73283976271965,0.73282122698744,0.694039447303131,0.693329115735504,0.693171908920756,0.685404968246791,0.681501734322093,0.634544350617096,0.499313862446042,0.361659378569675,0.352847491756882,0.340931393259713,0.311921676441209,0.31040265578646,0.310238916072131
189.764793080148,139.937754771069,79.7881209393227,20.939774788783,17.9727363707437,6.62299456261106,4.36558647074425,4.34306978990549,3.96669597362254,3.91235915603194,1.73894407955618,1.64810150712633,1.64476068950174,0.806079112450394,0.802848202561407,0.689132044220426,0.438608119777925,0.434507278366881,0.419664277465754,0.419537188131208,0.385372113061397,0.38537203019851,0.383797643012501,0.336062693754192,0.336060309719459,0.335533629655334,0.331908849258952,0.318861175654616,0.302909044406455,0.302408051467598
623.221438110178,486.857603676853,114.518682796342,44.3082712976612,25.079353009255,10.6046704083267,6.20465383359699,6.20463945746157,2.62822893912943,2.6195900956498,2.21300855956361,2.1829122294117,1.10867440307994,1.04394117742366,1.02222801281788,0.806427689690015,0.803121751784324,0.801950695736349,0.80184353295219,0.686794214438675,0.57218296700305,0.533025377981443,0.307440504383883,0.299178078243249,0.268671521415132,0.262465786121802,0.245917169414576,0.245733881505397,0.242337071253603,0.241706498808028
805.565404451484,520.90779396949,158.452437753436,74.7497633601391,40.801461818152,34.7336127581629,22.894202964824,14.3739807755279,6.87139059257156,5.90917183336657,5.90451222023891,4.71800227601595,2.08704885534249,1.60470996017844,1.4562858876563,1.27341652392312,1.2645243128466,1.25892872840752,1.22175830231357,0.907481169217894,0.897574289345211,0.89555939238664,0.818194524861842,0.746978050130056,0.71919186512362,0.711610239778468,0.711564347387411,0.619627071201136,0.605604291720423,0.503561396616485
395.254519219828,109.810313131558,104.615775425369,54.715789923633,26.9548601796505,15.4633865844392,7.09125076248056,7.06501110546361,7.05081321467621,6.98452802054018,2.05802289500866,2.03890023975467,1.22297912258891,1.21277197205502,1.18267180694312,1.10894291333411,1.10060314692635,1.03733330892237,0.908846060536655,0.599531715508473,0.572379753479241,0.568802052826651,0.56871789369892,0.542754941445445,0.446528965077252,0.444275781293406,0.443798192705168,0.394604828881264,0.379364860897195,0.378020500414701
133.842696939842,129.67970957676,68.5164683046786,66.5759268143081,64.3827676376809,7.44006827827651,7.20725817016669,5.75219150283231,3.4486763107794,2.71454142910071,2.48839945167327,2.21567514415775,1.67272486150056,0.910737560722289,0.905338841392119,0.903939855041946,0.821579883205477,0.719717501809155,0.70572833961787,0.594345214218618,0.518025421228868,0.492330099119263,0.486357431029864,0.481912541595435,0.480953485702696,0.464826524214543,0.448892597026992,0.438826347013168,0.424402088684962,0.423002393417675
375.873921062583,225.450254337571,84.8303319375253,84.6412747855345,72.1777526554686,20.6762436463091,20.526748743232,6.19254542628067,5.88032859467946,5.5808628110168,4.30143116374003,3.64901269193079,3.11755024586178,3.01665973305494,2.01239314775161,1.80148943650459,1.71666273104518,1.4412216439692,1.29095014686551,1.19850212213325,1.19655038166359,1.19353049378707,1.11130591709242,1.1064056730203,1.02045756173935,0.885164030827639,0.80176379417063,0.80156904904571,0.645291466970659,0.638820402554321
207.615436591602,126.917428305996,107.681055640362,61.6070903355376,35.4910385661835,19.4688626792452,19.0197348505501,9.3555506315371,9.24291672255004,7.40767942586622,3.96062980138669,2.10030068776428,2.07796129857506,2.07659372705678,2.05900575788862,1.97210270440106,1.49044273004096,1.00324076808469,0.994261984880393,0.992380460202359,0.964980068718487,0.931874894082787,0.842968112729079,0.842920212457407,0.681563251557037,0.678311989100741,0.603029106654368,0.602234984831978,0.580470860112291,0.576418855136146
404.241376011485,260.725687735688,25.509825352453,15.3952211292125,14.8270921795225,4.99942432000353,4.9003721242827,4.20096886575188,4.15534671938339,4.15534665536287,3.93139402525006,3.04983820964252,2.79553140554865,2.76568999929969,2.4743342821644,2.47245874687019,1.92834130853874,1.92562448867317,1.81590639059014,0.975536275748126,0.96764557126202,0.863413546794923,0.830533797671899,0.829949275676248,0.681069068249912,0.662850047114842,0.629533302981715,0.625640241344022,0.625559413483787,0.597677308723244
442.101714396224,223.604261971504,111.639743010632,23.765322733898,20.9670965277416,20.9326443809672,11.7050573733274,6.18132410505419,3.8592416741257,3.33999502810902,2.55993384829375,2.06059410516139,2.0543288034082,2.04069730397178,0.992688478666209,0.981681201716663,0.813726568872691,0.795852041574896,0.551933469413514,0.547051217039333,0.531578108933077,0.505218389595051,0.409556098530452,0.400703384075416,0.397803084156311,0.389819749705025,0.348245084764638,0.34402339857513,0.320288693914127,0.3190748509192
533.865029605513,354.940045774129,37.983620701287,13.1250273982151,11.1991065928673,9.60865982620484,7.54264202288196,6.2453563590906,5.42168219952021,4.88163241243299,2.18579130376303,2.18578830852394,1.80485790985356,1.34649597766261,1.34633707310868,1.34623336926099,1.23044819500157,1.23042188814759,0.82350569949915,0.787404617091334,0.758110949602807,0.72986576025548,0.679744520575524,0.419312880706634,0.414643448044145,0.405741247567669,0.405451069130168,0.401167858757982,0.393124897244467,0.38255515237449
270.211740157995,213.414602165351,122.982317984399,66.6814406400111,55.2116379067255,42.3081089844942,11.0042050574536,6.81832406593787,6.81758474846112,6.22650569046372,5.92619105694419,2.42468699792382,1.66850756124886,1.65416155196529,1.12174430902581,1.11244027029424,0.991203001209252,0.932473117679364,0.788245135805166,0.65950679856876,0.640179145013396,0.552783554894686,0.535680154181238,0.534951155284252,0.53021429397321,0.502793227106149,0.501647989750595,0.500734116487307,0.494927376467362,0.494442583304832
